date,ticker,name,open,high,low,close,volume
2024-08-26,^NSEI,NIFTY 50,24906.099609375,25043.80078125,24874.69921875,25010.599609375,210300
2024-08-27,^NSEI,NIFTY 50,25024.80078125,25073.099609375,24973.650390625,25017.75,223300
2024-08-28,^NSEI,NIFTY 50,25030.80078125,25129.599609375,24964.650390625,25052.349609375,220400
2024-08-29,^NSEI,NIFTY 50,25035.30078125,25192.900390625,24998.5,25151.94921875,354000
2024-08-30,^NSEI,NIFTY 50,25249.69921875,25268.349609375,25199.400390625,25235.900390625,638200
2024-09-02,^NSEI,NIFTY 50,25333.599609375,25333.650390625,25235.5,25278.69921875,222800
2024-09-03,^NSEI,NIFTY 50,25313.400390625,25321.69921875,25235.80078125,25279.849609375,212100
2024-09-04,^NSEI,NIFTY 50,25089.94921875,25216.0,25083.80078125,25198.69921875,253800
2024-09-05,^NSEI,NIFTY 50,25250.5,25275.44921875,25127.75,25145.099609375,222200
2024-09-06,^NSEI,NIFTY 50,25093.69921875,25168.75,24801.30078125,24852.150390625,311700
2024-09-09,^NSEI,NIFTY 50,24823.400390625,24957.5,24753.150390625,24936.400390625,254400
2024-09-10,^NSEI,NIFTY 50,24999.400390625,25130.5,24896.80078125,25041.099609375,251300
2024-09-11,^NSEI,NIFTY 50,25034.0,25113.69921875,24885.150390625,24918.44921875,279200
2024-09-12,^NSEI,NIFTY 50,25059.650390625,25433.349609375,24941.44921875,25388.900390625,380100
2024-09-13,^NSEI,NIFTY 50,25430.44921875,25430.5,25292.44921875,25356.5,250800
2024-09-16,^NSEI,NIFTY 50,25406.650390625,25445.69921875,25336.19921875,25383.75,168700
2024-09-17,^NSEI,NIFTY 50,25416.900390625,25441.650390625,25352.25,25418.55078125,216000
2024-09-18,^NSEI,NIFTY 50,25402.400390625,25482.19921875,25285.55078125,25377.55078125,215700
2024-09-19,^NSEI,NIFTY 50,25487.05078125,25611.94921875,25376.05078125,25415.80078125,314500
2024-09-20,^NSEI,NIFTY 50,25525.94921875,25849.25,25426.599609375,25790.94921875,533100
2024-09-23,^NSEI,NIFTY 50,25872.55078125,25956.0,25847.349609375,25939.05078125,209200
2024-09-24,^NSEI,NIFTY 50,25921.44921875,26011.55078125,25886.849609375,25940.400390625,384100
2024-09-25,^NSEI,NIFTY 50,25899.44921875,26032.80078125,25871.349609375,26004.150390625,278500
2024-09-26,^NSEI,NIFTY 50,26005.400390625,26250.900390625,25998.400390625,26216.05078125,370900
2024-09-27,^NSEI,NIFTY 50,26248.25,26277.349609375,26151.400390625,26178.94921875,490300
2024-09-30,^NSEI,NIFTY 50,26061.30078125,26134.69921875,25794.099609375,25810.849609375,343100
2024-10-01,^NSEI,NIFTY 50,25788.44921875,25907.599609375,25739.19921875,25796.900390625,247400
2024-10-03,^NSEI,NIFTY 50,25452.849609375,25639.44921875,25230.30078125,25250.099609375,423400
2024-10-04,^NSEI,NIFTY 50,25181.900390625,25485.05078125,24966.80078125,25014.599609375,374900
2024-10-07,^NSEI,NIFTY 50,25084.099609375,25143.0,24694.349609375,24795.75,374300
2024-10-08,^NSEI,NIFTY 50,24832.19921875,25044.0,24756.80078125,25013.150390625,333200
2024-10-09,^NSEI,NIFTY 50,25065.80078125,25234.05078125,24947.69921875,24981.94921875,290600
2024-10-10,^NSEI,NIFTY 50,25067.05078125,25134.05078125,24979.400390625,24998.44921875,261400
2024-10-11,^NSEI,NIFTY 50,24985.30078125,25028.650390625,24920.05078125,24964.25,210500
2024-10-14,^NSEI,NIFTY 50,25023.44921875,25159.75,25017.5,25127.94921875,206400
2024-10-15,^NSEI,NIFTY 50,25186.30078125,25212.05078125,25008.150390625,25057.349609375,257200
2024-10-16,^NSEI,NIFTY 50,25008.55078125,25093.400390625,24908.44921875,24971.30078125,226800
2024-10-17,^NSEI,NIFTY 50,25027.400390625,25029.5,24728.900390625,24749.849609375,252800
2024-10-18,^NSEI,NIFTY 50,24664.94921875,24886.19921875,24567.650390625,24854.05078125,290900
2024-10-21,^NSEI,NIFTY 50,24956.150390625,24978.30078125,24679.599609375,24781.099609375,242000
2024-10-22,^NSEI,NIFTY 50,24798.650390625,24882.0,24445.80078125,24472.099609375,279500
2024-10-23,^NSEI,NIFTY 50,24378.150390625,24604.25,24378.099609375,24435.5,284600
2024-10-24,^NSEI,NIFTY 50,24412.69921875,24480.650390625,24341.19921875,24399.400390625,216700
2024-10-25,^NSEI,NIFTY 50,24418.05078125,24440.25,24073.900390625,24180.80078125,372600
2024-10-28,^NSEI,NIFTY 50,24251.099609375,24492.599609375,24134.900390625,24339.150390625,278600
2024-10-29,^NSEI,NIFTY 50,24328.849609375,24484.5,24140.849609375,24466.849609375,332000
2024-10-30,^NSEI,NIFTY 50,24371.44921875,24498.19921875,24307.30078125,24340.849609375,285200
2024-10-31,^NSEI,NIFTY 50,24349.849609375,24372.44921875,24172.599609375,24205.349609375,287000
2024-11-01,^NSEI,NIFTY 50,24302.75,24368.25,24280.19921875,24304.349609375,38800
2024-11-04,^NSEI,NIFTY 50,24315.75,24316.75,23816.150390625,23995.349609375,285500
2024-11-05,^NSEI,NIFTY 50,23916.5,24229.05078125,23842.75,24213.30078125,289500
2024-11-06,^NSEI,NIFTY 50,24308.75,24537.599609375,24204.05078125,24484.05078125,351100
2024-11-07,^NSEI,NIFTY 50,24489.599609375,24503.349609375,24179.05078125,24199.349609375,322200
2024-11-08,^NSEI,NIFTY 50,24207.69921875,24276.150390625,24066.650390625,24148.19921875,298700
2024-11-11,^NSEI,NIFTY 50,24087.25,24336.80078125,24004.599609375,24141.30078125,273400
2024-11-12,^NSEI,NIFTY 50,24225.80078125,24242.0,23839.150390625,23883.44921875,255800
2024-11-13,^NSEI,NIFTY 50,23822.44921875,23873.599609375,23509.599609375,23559.05078125,304600
2024-11-14,^NSEI,NIFTY 50,23542.150390625,23675.900390625,23484.150390625,23532.69921875,257700
2024-11-18,^NSEI,NIFTY 50,23605.30078125,23606.80078125,23350.400390625,23453.80078125,263300
2024-11-19,^NSEI,NIFTY 50,23529.55078125,23780.650390625,23464.80078125,23518.5,297500
2024-11-21,^NSEI,NIFTY 50,23488.44921875,23507.30078125,23263.150390625,23349.900390625,420300
2024-11-22,^NSEI,NIFTY 50,23411.80078125,23956.099609375,23359.0,23907.25,367600
2024-11-25,^NSEI,NIFTY 50,24253.55078125,24351.55078125,24135.44921875,24221.900390625,687200
2024-11-26,^NSEI,NIFTY 50,24343.30078125,24343.30078125,24125.400390625,24194.5,230700
2024-11-27,^NSEI,NIFTY 50,24204.80078125,24354.55078125,24145.650390625,24274.900390625,295000
2024-11-28,^NSEI,NIFTY 50,24274.150390625,24345.75,23873.349609375,23914.150390625,366700
2024-11-29,^NSEI,NIFTY 50,23927.150390625,24188.44921875,23927.150390625,24131.099609375,282100
2024-12-02,^NSEI,NIFTY 50,24140.849609375,24301.69921875,24008.650390625,24276.05078125,220400
2024-12-03,^NSEI,NIFTY 50,24367.5,24481.349609375,24280.0,24457.150390625,339500
2024-12-04,^NSEI,NIFTY 50,24488.75,24573.19921875,24366.30078125,24467.44921875,348000
2024-12-05,^NSEI,NIFTY 50,24539.150390625,24857.75,24295.55078125,24708.400390625,361500
2024-12-06,^NSEI,NIFTY 50,24729.44921875,24751.05078125,24620.5,24677.80078125,226700
2024-12-09,^NSEI,NIFTY 50,24633.900390625,24705.0,24580.05078125,24619.0,248100
2024-12-10,^NSEI,NIFTY 50,24652.650390625,24677.80078125,24510.650390625,24610.05078125,261000
2024-12-11,^NSEI,NIFTY 50,24620.5,24691.75,24583.849609375,24641.80078125,187300
2024-12-12,^NSEI,NIFTY 50,24604.44921875,24675.25,24527.94921875,24548.69921875,266100
2024-12-13,^NSEI,NIFTY 50,24498.349609375,24792.30078125,24180.80078125,24768.30078125,310100
2024-12-16,^NSEI,NIFTY 50,24753.400390625,24781.25,24601.75,24668.25,187600
2024-12-17,^NSEI,NIFTY 50,24584.80078125,24624.099609375,24303.44921875,24336.0,264900
2024-12-18,^NSEI,NIFTY 50,24297.94921875,24394.44921875,24149.849609375,24198.849609375,235300
2024-12-19,^NSEI,NIFTY 50,23877.150390625,24004.900390625,23870.30078125,23951.69921875,271100
2024-12-20,^NSEI,NIFTY 50,23960.69921875,24065.80078125,23537.349609375,23587.5,442700
2024-12-23,^NSEI,NIFTY 50,23738.19921875,23869.55078125,23647.19921875,23753.44921875,189800
2024-12-24,^NSEI,NIFTY 50,23769.099609375,23867.650390625,23685.150390625,23727.650390625,177700
2024-12-26,^NSEI,NIFTY 50,23775.80078125,23854.5,23653.599609375,23750.19921875,177700
2024-12-27,^NSEI,NIFTY 50,23801.400390625,23938.849609375,23800.599609375,23813.400390625,176800
2024-12-30,^NSEI,NIFTY 50,23796.900390625,23915.349609375,23599.30078125,23644.900390625,364900
2024-12-31,^NSEI,NIFTY 50,23560.599609375,23689.849609375,23460.44921875,23644.80078125,193600
2025-01-01,^NSEI,NIFTY 50,23637.650390625,23822.80078125,23562.80078125,23742.900390625,154900
2025-01-02,^NSEI,NIFTY 50,23783.0,24226.69921875,23751.55078125,24188.650390625,283200
2025-01-03,^NSEI,NIFTY 50,24196.400390625,24196.44921875,23976.0,24004.75,312300
2025-01-06,^NSEI,NIFTY 50,24045.80078125,24089.94921875,23551.900390625,23616.05078125,278100
2025-01-07,^NSEI,NIFTY 50,23679.900390625,23795.19921875,23637.80078125,23707.900390625,262300
2025-01-08,^NSEI,NIFTY 50,23746.650390625,23751.849609375,23496.150390625,23688.94921875,266400
2025-01-09,^NSEI,NIFTY 50,23674.75,23689.5,23503.05078125,23526.5,269200
2025-01-10,^NSEI,NIFTY 50,23551.900390625,23596.599609375,23344.349609375,23431.5,261000
2025-01-13,^NSEI,NIFTY 50,23195.400390625,23340.94921875,23047.25,23085.94921875,316500
2025-01-14,^NSEI,NIFTY 50,23165.900390625,23264.94921875,23134.150390625,23176.05078125,311200
2025-01-15,^NSEI,NIFTY 50,23250.44921875,23293.650390625,23146.44921875,23213.19921875,228000
2025-01-16,^NSEI,NIFTY 50,23377.25,23391.650390625,23272.05078125,23311.80078125,299400
2025-01-17,^NSEI,NIFTY 50,23277.099609375,23292.099609375,23100.349609375,23203.19921875,272900
2025-01-20,^NSEI,NIFTY 50,23290.400390625,23391.099609375,23170.650390625,23344.75,301500
2025-01-21,^NSEI,NIFTY 50,23421.650390625,23426.30078125,22976.849609375,23024.650390625,312900
2025-01-22,^NSEI,NIFTY 50,23099.150390625,23169.55078125,22981.30078125,23155.349609375,276000
2025-01-23,^NSEI,NIFTY 50,23128.30078125,23270.80078125,23090.650390625,23205.349609375,275600
2025-01-24,^NSEI,NIFTY 50,23183.900390625,23347.30078125,23050.0,23092.19921875,264300
2025-01-27,^NSEI,NIFTY 50,22940.150390625,23007.44921875,22786.900390625,22829.150390625,257400
2025-01-28,^NSEI,NIFTY 50,22960.44921875,23137.94921875,22857.650390625,22957.25,361900
2025-01-29,^NSEI,NIFTY 50,23026.75,23183.349609375,22976.5,23163.099609375,226300
2025-01-30,^NSEI,NIFTY 50,23169.5,23322.05078125,23139.19921875,23249.5,361900
2025-01-31,^NSEI,NIFTY 50,23296.75,23546.80078125,23277.400390625,23508.400390625,304900
2025-02-01,^NSEI,NIFTY 50,23528.599609375,23632.44921875,23318.30078125,23482.150390625,281000
2025-02-03,^NSEI,NIFTY 50,23319.349609375,23381.599609375,23222.0,23361.05078125,329700
2025-02-04,^NSEI,NIFTY 50,23509.900390625,23762.75,23423.150390625,23739.25,376700
2025-02-05,^NSEI,NIFTY 50,23801.75,23807.30078125,23680.44921875,23696.30078125,267000
2025-02-06,^NSEI,NIFTY 50,23761.94921875,23773.55078125,23556.25,23603.349609375,307000
2025-02-07,^NSEI,NIFTY 50,23649.5,23694.5,23443.19921875,23559.94921875,368100
2025-02-10,^NSEI,NIFTY 50,23543.80078125,23568.599609375,23316.30078125,23381.599609375,234200
2025-02-11,^NSEI,NIFTY 50,23383.55078125,23390.05078125,22986.650390625,23071.80078125,268000
2025-02-12,^NSEI,NIFTY 50,23050.80078125,23144.69921875,22798.349609375,23045.25,279700
2025-02-13,^NSEI,NIFTY 50,23055.75,23235.5,22992.19921875,23031.400390625,265700
2025-02-14,^NSEI,NIFTY 50,23096.44921875,23133.69921875,22774.849609375,22929.25,254500
2025-02-17,^NSEI,NIFTY 50,22809.900390625,22974.19921875,22725.44921875,22959.5,207400
2025-02-18,^NSEI,NIFTY 50,22963.650390625,22992.5,22801.5,22945.30078125,210600
2025-02-19,^NSEI,NIFTY 50,22847.25,23049.94921875,22814.849609375,22932.900390625,207000
2025-02-20,^NSEI,NIFTY 50,22821.099609375,22923.849609375,22812.75,22913.150390625,240800
2025-02-21,^NSEI,NIFTY 50,22857.19921875,22921.0,22720.30078125,22795.900390625,242800
2025-02-24,^NSEI,NIFTY 50,22609.349609375,22668.05078125,22518.80078125,22553.349609375,214300
2025-02-25,^NSEI,NIFTY 50,22516.44921875,22625.30078125,22513.900390625,22547.55078125,250300
2025-02-27,^NSEI,NIFTY 50,22568.94921875,22613.30078125,22508.400390625,22545.05078125,289200
2025-02-28,^NSEI,NIFTY 50,22433.400390625,22450.349609375,22104.849609375,22124.69921875,551300
2025-03-03,^NSEI,NIFTY 50,22194.55078125,22261.55078125,22004.69921875,22119.30078125,282400
2025-03-04,^NSEI,NIFTY 50,21974.44921875,22105.05078125,21964.599609375,22082.650390625,253300
2025-03-05,^NSEI,NIFTY 50,22073.05078125,22394.900390625,22067.80078125,22337.30078125,305900
2025-03-06,^NSEI,NIFTY 50,22476.349609375,22556.44921875,22245.849609375,22544.69921875,372100
2025-03-07,^NSEI,NIFTY 50,22508.650390625,22633.80078125,22464.75,22552.5,289800
2025-03-10,^NSEI,NIFTY 50,22521.849609375,22676.75,22429.05078125,22460.30078125,293900
2025-03-11,^NSEI,NIFTY 50,22345.94921875,22522.099609375,22314.69921875,22497.900390625,347900
2025-03-12,^NSEI,NIFTY 50,22536.349609375,22577.400390625,22329.55078125,22470.5,369700
2025-03-13,^NSEI,NIFTY 50,22541.5,22558.05078125,22377.349609375,22397.19921875,287500
2025-03-17,^NSEI,NIFTY 50,22353.150390625,22577.0,22353.150390625,22508.75,251100
2025-03-18,^NSEI,NIFTY 50,22662.25,22857.80078125,22599.19921875,22834.30078125,272600
2025-03-19,^NSEI,NIFTY 50,22874.94921875,22940.69921875,22807.94921875,22907.599609375,324000
2025-03-20,^NSEI,NIFTY 50,23036.599609375,23216.69921875,22973.94921875,23190.650390625,313700
2025-03-21,^NSEI,NIFTY 50,23168.25,23402.69921875,23132.80078125,23350.400390625,541000
2025-03-24,^NSEI,NIFTY 50,23515.400390625,23708.75,23433.5,23658.349609375,311900
2025-03-25,^NSEI,NIFTY 50,23751.5,23869.599609375,23601.400390625,23668.650390625,338200
2025-03-26,^NSEI,NIFTY 50,23700.94921875,23736.5,23451.69921875,23486.849609375,278600
2025-03-27,^NSEI,NIFTY 50,23433.94921875,23646.44921875,23412.19921875,23591.94921875,510300
2025-03-28,^NSEI,NIFTY 50,23600.400390625,23649.19921875,23450.19921875,23519.349609375,295400
2025-04-01,^NSEI,NIFTY 50,23341.099609375,23565.150390625,23136.400390625,23165.69921875,314300
2025-04-02,^NSEI,NIFTY 50,23192.599609375,23350.0,23158.44921875,23332.349609375,341000
2025-04-03,^NSEI,NIFTY 50,23150.30078125,23306.5,23145.80078125,23250.099609375,283200
2025-04-04,^NSEI,NIFTY 50,23190.400390625,23214.69921875,22857.44921875,22904.44921875,466800
2025-04-07,^NSEI,NIFTY 50,21758.400390625,22254.0,21743.650390625,22161.599609375,647100
2025-04-08,^NSEI,NIFTY 50,22446.75,22697.19921875,22270.849609375,22535.849609375,468300
2025-04-09,^NSEI,NIFTY 50,22460.30078125,22468.69921875,22353.25,22399.150390625,383800
2025-04-11,^NSEI,NIFTY 50,22695.400390625,22923.900390625,22695.400390625,22828.55078125,402200
2025-04-15,^NSEI,NIFTY 50,23368.349609375,23368.349609375,23207.0,23328.55078125,388300
2025-04-16,^NSEI,NIFTY 50,23344.099609375,23452.19921875,23273.05078125,23437.19921875,348400
2025-04-17,^NSEI,NIFTY 50,23401.849609375,23872.349609375,23298.55078125,23851.650390625,505300
2025-04-21,^NSEI,NIFTY 50,23949.150390625,24189.55078125,23903.650390625,24125.55078125,406100
2025-04-22,^NSEI,NIFTY 50,24185.400390625,24242.599609375,24072.0,24167.25,440900
2025-04-23,^NSEI,NIFTY 50,24357.599609375,24359.30078125,24119.94921875,24328.94921875,415000
2025-04-24,^NSEI,NIFTY 50,24277.900390625,24347.849609375,24216.150390625,24246.69921875,358800
2025-04-25,^NSEI,NIFTY 50,24289.0,24365.44921875,23847.849609375,24039.349609375,387700
2025-04-28,^NSEI,NIFTY 50,24070.25,24355.099609375,24054.05078125,24328.5,320500
2025-04-29,^NSEI,NIFTY 50,24370.69921875,24457.650390625,24290.75,24335.94921875,357600
2025-04-30,^NSEI,NIFTY 50,24342.05078125,24396.150390625,24198.75,24334.19921875,424500
2025-05-02,^NSEI,NIFTY 50,24311.900390625,24589.150390625,24238.5,24346.69921875,421100
2025-05-05,^NSEI,NIFTY 50,24419.5,24526.400390625,24400.650390625,24461.150390625,291500
2025-05-06,^NSEI,NIFTY 50,24500.75,24509.650390625,24331.80078125,24379.599609375,302400
2025-05-07,^NSEI,NIFTY 50,24233.30078125,24449.599609375,24220.0,24414.400390625,330100
2025-05-08,^NSEI,NIFTY 50,24431.5,24447.25,24150.19921875,24273.80078125,411400
2025-05-09,^NSEI,NIFTY 50,23935.75,24164.25,23935.75,24008.0,335600
2025-05-12,^NSEI,NIFTY 50,24420.099609375,24944.80078125,24378.849609375,24924.69921875,368700
2025-05-13,^NSEI,NIFTY 50,24864.05078125,24973.80078125,24547.5,24578.349609375,423000
2025-05-14,^NSEI,NIFTY 50,24613.80078125,24767.55078125,24535.55078125,24666.900390625,345500
2025-05-15,^NSEI,NIFTY 50,24694.44921875,25116.25,24494.44921875,25062.099609375,500800
2025-05-16,^NSEI,NIFTY 50,25064.650390625,25070.0,24953.05078125,25019.80078125,432700
2025-05-19,^NSEI,NIFTY 50,25005.349609375,25062.94921875,24916.650390625,24945.44921875,255300
2025-05-20,^NSEI,NIFTY 50,24996.19921875,25010.349609375,24669.69921875,24683.900390625,414800
2025-05-21,^NSEI,NIFTY 50,24744.25,24946.19921875,24685.349609375,24813.44921875,332700
2025-05-22,^NSEI,NIFTY 50,24733.94921875,24737.5,24462.400390625,24609.69921875,403300
2025-05-23,^NSEI,NIFTY 50,24639.5,24909.05078125,24614.05078125,24853.150390625,270500
2025-05-26,^NSEI,NIFTY 50,24919.349609375,25079.19921875,24900.5,25001.150390625,302800
2025-05-27,^NSEI,NIFTY 50,24956.650390625,25062.900390625,24704.099609375,24826.19921875,525700
2025-05-28,^NSEI,NIFTY 50,24832.5,24864.25,24737.05078125,24752.44921875,684400
2025-05-29,^NSEI,NIFTY 50,24825.099609375,24892.599609375,24677.30078125,24833.599609375,345400
2025-05-30,^NSEI,NIFTY 50,24812.599609375,24863.94921875,24717.400390625,24750.69921875,853900
2025-06-02,^NSEI,NIFTY 50,24669.69921875,24754.400390625,24526.150390625,24716.599609375,311100
2025-06-03,^NSEI,NIFTY 50,24786.30078125,24845.099609375,24502.150390625,24542.5,349300
2025-06-04,^NSEI,NIFTY 50,24560.44921875,24644.25,24530.44921875,24620.19921875,280900
2025-06-05,^NSEI,NIFTY 50,24691.19921875,24899.849609375,24613.099609375,24750.900390625,388400
2025-06-06,^NSEI,NIFTY 50,24748.69921875,25029.5,24671.44921875,25003.05078125,335600
2025-06-09,^NSEI,NIFTY 50,25160.099609375,25160.099609375,25077.150390625,25103.19921875,279200
2025-06-10,^NSEI,NIFTY 50,25196.05078125,25199.30078125,25055.44921875,25104.25,307300
2025-06-11,^NSEI,NIFTY 50,25134.150390625,25222.400390625,25081.30078125,25141.400390625,301200
2025-06-12,^NSEI,NIFTY 50,25164.44921875,25196.19921875,24825.900390625,24888.19921875,328300
2025-06-13,^NSEI,NIFTY 50,24473.0,24754.349609375,24473.0,24718.599609375,318700
2025-06-16,^NSEI,NIFTY 50,24732.349609375,24967.099609375,24703.599609375,24946.5,305800
2025-06-17,^NSEI,NIFTY 50,24977.849609375,24982.05078125,24813.69921875,24853.400390625,242400
2025-06-18,^NSEI,NIFTY 50,24788.349609375,24947.55078125,24750.44921875,24812.05078125,237600
2025-06-19,^NSEI,NIFTY 50,24803.25,24863.099609375,24733.400390625,24793.25,274600
2025-06-20,^NSEI,NIFTY 50,24787.650390625,25136.19921875,24783.650390625,25112.400390625,574700
2025-06-23,^NSEI,NIFTY 50,24939.75,25057.0,24824.849609375,24971.900390625,248500
2025-06-24,^NSEI,NIFTY 50,25179.900390625,25317.69921875,24999.69921875,25044.349609375,450200
2025-06-25,^NSEI,NIFTY 50,25150.349609375,25266.80078125,25125.05078125,25244.75,260600
2025-06-26,^NSEI,NIFTY 50,25268.94921875,25565.30078125,25259.900390625,25549.0,428900
2025-06-27,^NSEI,NIFTY 50,25576.650390625,25654.19921875,25523.55078125,25637.80078125,564000
2025-06-30,^NSEI,NIFTY 50,25661.650390625,25669.349609375,25473.30078125,25517.05078125,271000
2025-07-01,^NSEI,NIFTY 50,25551.349609375,25593.400390625,25501.80078125,25541.80078125,260700
2025-07-02,^NSEI,NIFTY 50,25588.30078125,25608.099609375,25378.75,25453.400390625,309800
2025-07-03,^NSEI,NIFTY 50,25505.099609375,25587.5,25384.349609375,25405.30078125,293400
2025-07-04,^NSEI,NIFTY 50,25428.849609375,25470.25,25331.650390625,25461.0,193500
2025-07-07,^NSEI,NIFTY 50,25450.44921875,25489.80078125,25407.25,25461.30078125,196100
2025-07-08,^NSEI,NIFTY 50,25427.849609375,25548.05078125,25424.150390625,25522.5,210400
2025-07-09,^NSEI,NIFTY 50,25514.599609375,25548.69921875,25424.349609375,25476.099609375,239100
2025-07-10,^NSEI,NIFTY 50,25511.650390625,25524.05078125,25340.44921875,25355.25,219600
2025-07-11,^NSEI,NIFTY 50,25255.5,25322.44921875,25129.0,25149.849609375,250000
2025-07-14,^NSEI,NIFTY 50,25149.5,25151.099609375,25001.94921875,25082.30078125,259500
2025-07-15,^NSEI,NIFTY 50,25089.5,25245.19921875,25088.44921875,25195.80078125,241300
2025-07-16,^NSEI,NIFTY 50,25196.599609375,25255.30078125,25121.05078125,25212.05078125,228800
2025-07-17,^NSEI,NIFTY 50,25230.75,25238.349609375,25101.0,25111.44921875,243400
2025-07-18,^NSEI,NIFTY 50,25108.55078125,25144.599609375,24918.650390625,24968.400390625,317000
2025-07-21,^NSEI,NIFTY 50,24999.0,25111.400390625,24882.30078125,25090.69921875,305200
2025-07-22,^NSEI,NIFTY 50,25166.650390625,25182.0,25035.55078125,25060.900390625,483700
2025-07-23,^NSEI,NIFTY 50,25139.349609375,25233.5,25085.5,25219.900390625,271500
2025-07-24,^NSEI,NIFTY 50,25243.30078125,25246.25,25018.69921875,25062.099609375,338700
2025-07-25,^NSEI,NIFTY 50,25010.349609375,25010.349609375,24806.349609375,24837.0,278100
2025-07-28,^NSEI,NIFTY 50,24782.44921875,24889.19921875,24646.599609375,24680.900390625,262100
2025-07-29,^NSEI,NIFTY 50,24609.650390625,24847.150390625,24598.599609375,24821.099609375,284700
2025-07-30,^NSEI,NIFTY 50,24890.400390625,24902.30078125,24771.94921875,24855.05078125,243900
2025-07-31,^NSEI,NIFTY 50,24642.25,24956.5,24635.0,24768.349609375,346300
2025-08-01,^NSEI,NIFTY 50,24734.900390625,24784.150390625,24535.05078125,24565.349609375,263400
2025-08-04,^NSEI,NIFTY 50,24596.05078125,24736.25,24554.0,24722.75,259300
2025-08-05,^NSEI,NIFTY 50,24720.25,24733.099609375,24590.30078125,24649.55078125,251800
2025-08-06,^NSEI,NIFTY 50,24641.349609375,24671.400390625,24539.19921875,24574.19921875,225100
2025-08-07,^NSEI,NIFTY 50,24464.19921875,24634.19921875,24344.150390625,24596.150390625,616700
2025-08-08,^NSEI,NIFTY 50,24544.25,24585.5,24337.5,24363.30078125,312600
2025-08-11,^NSEI,NIFTY 50,24371.5,24600.849609375,24347.44921875,24585.05078125,241100
2025-08-12,^NSEI,NIFTY 50,24563.349609375,24702.599609375,24465.650390625,24487.400390625,237000
2025-08-13,^NSEI,NIFTY 50,24586.19921875,24664.55078125,24535.25,24619.349609375,236000
2025-08-14,^NSEI,NIFTY 50,24607.25,24673.650390625,24596.900390625,24631.30078125,270200
2025-08-18,^NSEI,NIFTY 50,24938.19921875,25022.0,24852.849609375,24876.94921875,363100
2025-08-19,^NSEI,NIFTY 50,24891.349609375,25012.650390625,24873.94921875,24980.650390625,252300
2025-08-20,^NSEI,NIFTY 50,24965.80078125,25088.69921875,24929.69921875,25050.55078125,287100
2025-08-21,^NSEI,NIFTY 50,25142.0,25153.650390625,25054.900390625,25083.75,226500
2025-08-22,^NSEI,NIFTY 50,25064.150390625,25084.849609375,24859.150390625,24870.099609375,210200
2025-08-25,^NSEI,NIFTY 50,24949.150390625,25021.55078125,24894.349609375,24967.75,213000
2025-08-26,^NSEI,NIFTY 50,24899.5,24919.650390625,24689.599609375,24712.05078125,750500
2025-08-28,^NSEI,NIFTY 50,24695.80078125,24702.650390625,24481.599609375,24500.900390625,326600
2025-08-29,^NSEI,NIFTY 50,24466.69921875,24572.44921875,24404.69921875,24426.849609375,325500
2025-09-01,^NSEI,NIFTY 50,24432.69921875,24635.599609375,24432.69921875,24625.05078125,229300
2025-09-02,^NSEI,NIFTY 50,24653.0,24756.099609375,24522.349609375,24579.599609375,271600
2025-09-03,^NSEI,NIFTY 50,24616.5,24737.05078125,24533.19921875,24715.05078125,340300
2025-09-04,^NSEI,NIFTY 50,24980.75,24980.75,24708.19921875,24734.30078125,314100
2025-09-05,^NSEI,NIFTY 50,24818.849609375,24832.349609375,24621.599609375,24741.0,210100
2025-09-08,^NSEI,NIFTY 50,24802.599609375,24885.5,24751.55078125,24773.150390625,213200
2025-09-09,^NSEI,NIFTY 50,24864.099609375,24891.80078125,24814.0,24868.599609375,226900
2025-09-10,^NSEI,NIFTY 50,24991.0,25035.69921875,24915.05078125,24973.099609375,244100
2025-09-11,^NSEI,NIFTY 50,24945.5,25037.30078125,24940.150390625,25005.5,224600
2025-09-12,^NSEI,NIFTY 50,25074.44921875,25139.44921875,25038.05078125,25114.0,225700
2025-09-15,^NSEI,NIFTY 50,25118.900390625,25138.44921875,25048.75,25069.19921875,185400
2025-09-16,^NSEI,NIFTY 50,25073.599609375,25261.400390625,25070.44921875,25239.099609375,240100
2025-09-17,^NSEI,NIFTY 50,25276.599609375,25346.5,25275.349609375,25330.25,268900
2025-09-18,^NSEI,NIFTY 50,25441.05078125,25448.94921875,25329.75,25423.599609375,272200
2025-09-19,^NSEI,NIFTY 50,25410.19921875,25428.75,25286.30078125,25327.05078125,380400
2025-09-22,^NSEI,NIFTY 50,25238.099609375,25331.69921875,25151.05078125,25202.349609375,254500
2025-09-23,^NSEI,NIFTY 50,25209.0,25261.900390625,25084.650390625,25169.5,299200
2025-09-24,^NSEI,NIFTY 50,25108.75,25149.849609375,25027.44921875,25056.900390625,244400
2025-09-25,^NSEI,NIFTY 50,25034.5,25092.69921875,24878.30078125,24890.849609375,342500
2025-09-26,^NSEI,NIFTY 50,24818.55078125,24868.599609375,24629.44921875,24654.69921875,291500
2025-09-29,^NSEI,NIFTY 50,24728.55078125,24791.30078125,24606.19921875,24634.900390625,394400
2025-09-30,^NSEI,NIFTY 50,24691.94921875,24731.80078125,24587.69921875,24611.099609375,303000
2025-10-01,^NSEI,NIFTY 50,24620.55078125,24867.94921875,24605.94921875,24836.30078125,308900
2025-10-03,^NSEI,NIFTY 50,24759.55078125,24904.80078125,24747.55078125,24894.25,365900
2025-10-06,^NSEI,NIFTY 50,24916.55078125,25095.94921875,24881.650390625,25077.650390625,268800
2025-10-07,^NSEI,NIFTY 50,25085.30078125,25220.900390625,25076.30078125,25108.30078125,288000
2025-10-08,^NSEI,NIFTY 50,25079.75,25192.5,25008.5,25046.150390625,227400
2025-10-09,^NSEI,NIFTY 50,25074.30078125,25199.25,25024.30078125,25181.80078125,286300
2025-10-10,^NSEI,NIFTY 50,25167.650390625,25330.75,25156.849609375,25285.349609375,232900
2025-10-13,^NSEI,NIFTY 50,25177.30078125,25267.30078125,25152.30078125,25227.349609375,234300
2025-10-14,^NSEI,NIFTY 50,25277.55078125,25310.349609375,25060.55078125,25145.5,292100
2025-10-15,^NSEI,NIFTY 50,25181.94921875,25365.150390625,25159.349609375,25323.55078125,289900
2025-10-16,^NSEI,NIFTY 50,25394.900390625,25625.400390625,25376.849609375,25585.30078125,372800
2025-10-17,^NSEI,NIFTY 50,25546.849609375,25781.5,25508.599609375,25709.849609375,422100
2025-10-20,^NSEI,NIFTY 50,25824.599609375,25926.19921875,25788.5,25843.150390625,301100
2025-10-21,^NSEI,NIFTY 50,25901.19921875,25934.349609375,25825.80078125,25868.599609375,42500
2025-10-23,^NSEI,NIFTY 50,26057.19921875,26104.19921875,25862.44921875,25891.400390625,448400
2025-10-24,^NSEI,NIFTY 50,25935.099609375,25944.150390625,25718.19921875,25795.150390625,284900
2025-10-27,^NSEI,NIFTY 50,25843.19921875,26005.94921875,25827.0,25966.05078125,266300
2025-10-28,^NSEI,NIFTY 50,25939.94921875,26041.69921875,25810.05078125,25936.19921875,395200
2025-10-29,^NSEI,NIFTY 50,25982.0,26097.849609375,25960.30078125,26053.900390625,321900
2025-10-30,^NSEI,NIFTY 50,25984.400390625,26032.05078125,25845.25,25877.849609375,257400
2025-10-31,^NSEI,NIFTY 50,25863.80078125,25953.75,25711.19921875,25722.099609375,334400
2025-11-03,^NSEI,NIFTY 50,25696.849609375,25803.099609375,25645.5,25763.349609375,23300
2025-11-04,^NSEI,NIFTY 50,25744.75,25787.400390625,25578.400390625,25597.650390625,305100
2025-11-06,^NSEI,NIFTY 50,25593.349609375,25679.150390625,25491.55078125,25509.69921875,371900
2025-11-07,^NSEI,NIFTY 50,25433.80078125,25551.25,25318.44921875,25492.30078125,305600
2025-11-10,^NSEI,NIFTY 50,25503.5,25653.44921875,25503.5,25574.349609375,243600
2025-11-11,^NSEI,NIFTY 50,25617.0,25715.80078125,25449.25,25694.94921875,297700
2025-11-12,^NSEI,NIFTY 50,25834.30078125,25934.55078125,25781.150390625,25875.80078125,312600
2025-11-13,^NSEI,NIFTY 50,25906.099609375,26010.69921875,25808.400390625,25879.150390625,385200
2025-11-14,^NSEI,NIFTY 50,25767.900390625,25940.19921875,25740.80078125,25910.05078125,518900
2025-11-17,^NSEI,NIFTY 50,25948.19921875,26024.19921875,25906.349609375,26013.44921875,281800
2025-11-18,^NSEI,NIFTY 50,26021.80078125,26029.849609375,25876.5,25910.05078125,280000
2025-11-19,^NSEI,NIFTY 50,25918.099609375,26074.650390625,25856.19921875,26052.650390625,250100
2025-11-20,^NSEI,NIFTY 50,26132.099609375,26246.650390625,26063.19921875,26192.150390625,240400
2025-11-21,^NSEI,NIFTY 50,26109.55078125,26179.19921875,26052.19921875,26068.150390625,235600
2025-11-24,^NSEI,NIFTY 50,26122.80078125,26142.80078125,25912.150390625,25959.5,464700
2025-11-25,^NSEI,NIFTY 50,25998.5,26032.599609375,25857.5,25884.80078125,260500
2025-11-26,^NSEI,NIFTY 50,25842.94921875,26215.150390625,25842.94921875,26205.30078125,275300
2025-11-27,^NSEI,NIFTY 50,26261.25,26310.44921875,26141.900390625,26215.55078125,240300
2025-11-28,^NSEI,NIFTY 50,26237.44921875,26280.75,26172.400390625,26202.94921875,202500
2025-12-01,^NSEI,NIFTY 50,26325.80078125,26325.80078125,26124.19921875,26175.75,213800
2025-12-02,^NSEI,NIFTY 50,26087.94921875,26154.599609375,25997.849609375,26032.19921875,254800
2025-12-03,^NSEI,NIFTY 50,26004.900390625,26066.44921875,25891.0,25986.0,265700
2025-12-04,^NSEI,NIFTY 50,25981.849609375,26098.25,25938.94921875,26033.75,248100
2025-12-05,^NSEI,NIFTY 50,25999.80078125,26202.599609375,25985.349609375,26186.44921875,249300
2025-12-08,^NSEI,NIFTY 50,26159.80078125,26178.69921875,25892.25,25960.55078125,320700
2025-12-09,^NSEI,NIFTY 50,25867.099609375,25923.650390625,25728.0,25839.650390625,276000
2025-12-10,^NSEI,NIFTY 50,25864.05078125,25947.650390625,25734.55078125,25758.0,207900
2025-12-11,^NSEI,NIFTY 50,25771.400390625,25922.80078125,25693.25,25898.55078125,206100
2025-12-12,^NSEI,NIFTY 50,25971.19921875,26057.599609375,25938.44921875,26046.94921875,216300
2025-12-15,^NSEI,NIFTY 50,25930.05078125,26047.150390625,25904.75,26027.30078125,181600
2025-12-16,^NSEI,NIFTY 50,25951.5,25980.75,25834.349609375,25860.099609375,264400
2025-12-17,^NSEI,NIFTY 50,25902.400390625,25929.150390625,25770.349609375,25818.55078125,206500
2025-12-18,^NSEI,NIFTY 50,25764.69921875,25902.349609375,25726.30078125,25815.55078125,197600
2025-12-19,^NSEI,NIFTY 50,25911.5,25993.349609375,25880.44921875,25966.400390625,382900
2025-12-22,^NSEI,NIFTY 50,26055.849609375,26180.69921875,26047.80078125,26172.400390625,253000
2025-12-23,^NSEI,NIFTY 50,26205.19921875,26233.55078125,26119.05078125,26177.150390625,216600
2025-12-24,^NSEI,NIFTY 50,26170.650390625,26236.400390625,26123.0,26142.099609375,188800
2025-12-26,^NSEI,NIFTY 50,26121.25,26144.19921875,26008.599609375,26042.30078125,142200
2025-12-29,^NSEI,NIFTY 50,26063.349609375,26106.80078125,25920.30078125,25942.099609375,234300
2025-12-30,^NSEI,NIFTY 50,25940.900390625,25976.75,25878.0,25938.849609375,396900
2025-12-31,^NSEI,NIFTY 50,25971.05078125,26187.94921875,25969.0,26129.599609375,246300
2026-01-01,^NSEI,NIFTY 50,26173.30078125,26197.55078125,26113.400390625,26146.55078125,425600
2026-01-02,^NSEI,NIFTY 50,26155.099609375,26340.0,26118.400390625,26328.55078125,357500
2026-01-05,^NSEI,NIFTY 50,26333.69921875,26373.19921875,26210.05078125,26250.30078125,338800
2026-01-06,^NSEI,NIFTY 50,26189.69921875,26273.94921875,26124.75,26178.69921875,383000
2026-01-07,^NSEI,NIFTY 50,26143.099609375,26187.150390625,26067.900390625,26140.75,338200
2026-01-08,^NSEI,NIFTY 50,26106.5,26133.19921875,25858.44921875,25876.849609375,328500
2026-01-09,^NSEI,NIFTY 50,25840.400390625,25940.599609375,25623.0,25683.30078125,348800
2026-01-12,^NSEI,NIFTY 50,25669.05078125,25813.150390625,25473.400390625,25790.25,275800
2026-01-13,^NSEI,NIFTY 50,25897.349609375,25899.80078125,25603.30078125,25732.30078125,339500
2026-01-14,^NSEI,NIFTY 50,25648.55078125,25791.75,25603.94921875,25665.599609375,393100
2026-01-16,^NSEI,NIFTY 50,25696.05078125,25873.5,25662.400390625,25694.349609375,434000
2026-01-19,^NSEI,NIFTY 50,25653.099609375,25653.30078125,25494.349609375,25585.5,443100
2026-01-20,^NSEI,NIFTY 50,25580.30078125,25585.0,25171.349609375,25232.5,409800
2026-01-21,^NSEI,NIFTY 50,25141.0,25300.94921875,24919.80078125,25157.5,395600
2026-01-22,^NSEI,NIFTY 50,25344.150390625,25435.75,25168.5,25289.900390625,486400
2026-01-23,^NSEI,NIFTY 50,25344.599609375,25347.94921875,25025.30078125,25048.650390625,393900
2026-01-27,^NSEI,NIFTY 50,25063.349609375,25246.650390625,24932.55078125,25175.400390625,618700
2026-01-28,^NSEI,NIFTY 50,25258.849609375,25372.099609375,25187.650390625,25342.75,574900
2026-01-29,^NSEI,NIFTY 50,25345.0,25458.150390625,25159.80078125,25418.900390625,582400
2026-01-30,^NSEI,NIFTY 50,25247.55078125,25370.69921875,25213.650390625,25320.650390625,508400
2026-02-02,^NSEI,NIFTY 50,24796.5,25108.099609375,24679.400390625,25088.400390625,449200
2026-02-03,^NSEI,NIFTY 50,26308.05078125,26341.19921875,25641.30078125,25727.55078125,637300
2026-02-04,^NSEI,NIFTY 50,25675.05078125,25818.55078125,25563.94921875,25776.0,429800
2026-02-05,^NSEI,NIFTY 50,25755.900390625,25757.650390625,25579.5,25642.80078125,343800
2026-02-06,^NSEI,NIFTY 50,25605.80078125,25703.94921875,25491.900390625,25693.69921875,375500
2026-02-09,^NSEI,NIFTY 50,25888.69921875,25922.25,25780.900390625,25867.30078125,359400
2026-02-10,^NSEI,NIFTY 50,25922.650390625,25989.44921875,25870.44921875,25935.150390625,460900
2026-02-11,^NSEI,NIFTY 50,25997.44921875,26009.400390625,25899.80078125,25953.849609375,331400
2026-02-12,^NSEI,NIFTY 50,25906.69921875,25906.69921875,25752.400390625,25807.19921875,419400
2026-02-13,^NSEI,NIFTY 50,25571.150390625,25630.349609375,25444.30078125,25471.099609375,453500
2026-02-16,^NSEI,NIFTY 50,25423.599609375,25697.0,25372.69921875,25682.75,275800
2026-02-17,^NSEI,NIFTY 50,25637.94921875,25764.400390625,25570.30078125,25725.400390625,344100
2026-02-18,^NSEI,NIFTY 50,25752.650390625,25828.05078125,25645.150390625,25819.349609375,310200
2026-02-19,^NSEI,NIFTY 50,25873.349609375,25885.30078125,25388.75,25454.349609375,298200
2026-02-20,^NSEI,NIFTY 50,25406.55078125,25663.55078125,25379.75,25571.25,296600
2026-02-23,^NSEI,NIFTY 50,25678.400390625,25771.44921875,25609.349609375,25713.0,313700
2026-02-24,^NSEI,NIFTY 50,25641.80078125,25641.80078125,25327.599609375,25424.650390625,439100
2026-02-25,^NSEI,NIFTY 50,25512.599609375,25652.599609375,25428.19921875,25482.5,414200
2026-02-26,^NSEI,NIFTY 50,25556.30078125,25572.94921875,25400.94921875,25496.55078125,405200
2026-02-27,^NSEI,NIFTY 50,25459.849609375,25476.400390625,25141.30078125,25178.650390625,438900
2026-03-02,^NSEI,NIFTY 50,24659.25,24989.349609375,24603.5,24865.69921875,519200
2026-03-04,^NSEI,NIFTY 50,24388.80078125,24602.44921875,24305.400390625,24480.5,599000
2026-03-05,^NSEI,NIFTY 50,24615.94921875,24854.19921875,24529.400390625,24765.900390625,504300
2026-03-06,^NSEI,NIFTY 50,24656.400390625,24700.900390625,24415.75,24450.44921875,433400
2026-03-09,^NSEI,NIFTY 50,23868.05078125,24078.150390625,23697.80078125,24028.05078125,526900
2026-03-10,^NSEI,NIFTY 50,24280.80078125,24303.80078125,24079.94921875,24261.599609375,444300
2026-03-11,^NSEI,NIFTY 50,24231.849609375,24299.0,23834.30078125,23866.849609375,407400
2026-03-12,^NSEI,NIFTY 50,23674.849609375,23833.150390625,23556.30078125,23639.150390625,501000
2026-03-13,^NSEI,NIFTY 50,23462.5,23492.400390625,23112.0,23151.099609375,519800
2026-03-16,^NSEI,NIFTY 50,23116.099609375,23502.0,22955.25,23408.80078125,540300
2026-03-17,^NSEI,NIFTY 50,23493.19921875,23656.80078125,23346.599609375,23581.150390625,458800
2026-03-18,^NSEI,NIFTY 50,23632.900390625,23862.25,23618.44921875,23777.80078125,382900
2026-03-19,^NSEI,NIFTY 50,23197.75,23378.69921875,22930.349609375,23002.150390625,550100
2026-03-20,^NSEI,NIFTY 50,23110.150390625,23345.150390625,23067.599609375,23114.5,663300
2026-03-23,^NSEI,NIFTY 50,22824.349609375,22851.69921875,22471.25,22512.650390625,550300
2026-03-24,^NSEI,NIFTY 50,22878.44921875,23057.30078125,22624.19921875,22912.400390625,538100
2026-03-25,^NSEI,NIFTY 50,23064.400390625,23465.349609375,23063.19921875,23306.44921875,505400
2026-03-27,^NSEI,NIFTY 50,23173.55078125,23186.099609375,22804.55078125,22819.599609375,612600
2026-03-30,^NSEI,NIFTY 50,22549.650390625,22714.099609375,22283.849609375,22331.400390625,698600
2026-04-01,^NSEI,NIFTY 50,22899.0,22941.30078125,22618.599609375,22679.400390625,518000
2026-04-02,^NSEI,NIFTY 50,22383.400390625,22782.30078125,22182.55078125,22713.099609375,495100
2026-04-06,^NSEI,NIFTY 50,22780.30078125,22998.349609375,22542.94921875,22968.25,426400
2026-04-07,^NSEI,NIFTY 50,22838.69921875,23153.849609375,22719.30078125,23123.650390625,477000
2026-04-08,^NSEI,NIFTY 50,23855.150390625,24025.150390625,23828.5,23997.349609375,639300
2026-04-09,^NSEI,NIFTY 50,23909.05078125,23990.75,23682.80078125,23775.099609375,466600
2026-04-10,^NSEI,NIFTY 50,23880.55078125,24074.05078125,23856.349609375,24050.599609375,481300
2026-04-13,^NSEI,NIFTY 50,23589.599609375,23907.400390625,23555.599609375,23842.650390625,488800
2026-04-15,^NSEI,NIFTY 50,24163.80078125,24280.900390625,24145.80078125,24231.30078125,460300
2026-04-16,^NSEI,NIFTY 50,24385.19921875,24400.94921875,24102.80078125,24196.75,508000
2026-04-17,^NSEI,NIFTY 50,24165.900390625,24371.900390625,24096.05078125,24353.55078125,498600
2026-04-20,^NSEI,NIFTY 50,24391.5,24480.650390625,24241.25,24364.849609375,415900
2026-04-21,^NSEI,NIFTY 50,24374.55078125,24601.69921875,24354.900390625,24576.599609375,425800
2026-04-22,^NSEI,NIFTY 50,24470.849609375,24515.94921875,24352.900390625,24378.099609375,440500
2026-04-23,^NSEI,NIFTY 50,24202.349609375,24310.19921875,24134.80078125,24173.05078125,467500
2026-04-24,^NSEI,NIFTY 50,24100.55078125,24206.0,23813.650390625,23897.94921875,438400
2026-04-27,^NSEI,NIFTY 50,23945.44921875,24130.69921875,23936.19921875,24092.69921875,430300
2026-04-28,^NSEI,NIFTY 50,24049.900390625,24181.80078125,23957.05078125,23995.69921875,554100
2026-04-29,^NSEI,NIFTY 50,24096.900390625,24334.69921875,24059.94921875,24177.650390625,531100
2026-04-30,^NSEI,NIFTY 50,23996.94921875,24087.44921875,23796.849609375,23997.55078125,505500
2026-05-04,^NSEI,NIFTY 50,24063.55078125,24290.19921875,24004.75,24119.30078125,419100
2026-05-05,^NSEI,NIFTY 50,24052.599609375,24081.69921875,23882.05078125,24032.80078125,363300
2026-05-06,^NSEI,NIFTY 50,24171.0,24356.5,23997.900390625,24330.94921875,429200
2026-05-07,^NSEI,NIFTY 50,24398.5,24482.099609375,24284.0,24326.650390625,440600
2026-05-08,^NSEI,NIFTY 50,24233.650390625,24253.80078125,24126.650390625,24176.150390625,335900
2026-05-11,^NSEI,NIFTY 50,23970.099609375,23997.44921875,23799.099609375,23815.849609375,390100
2026-05-12,^NSEI,NIFTY 50,23722.599609375,23757.55078125,23348.400390625,23379.55078125,447500
2026-05-13,^NSEI,NIFTY 50,23362.44921875,23582.94921875,23262.55078125,23412.599609375,415400
2026-05-14,^NSEI,NIFTY 50,23530.25,23777.19921875,23426.55078125,23689.599609375,428700
2026-05-15,^NSEI,NIFTY 50,23731.400390625,23839.30078125,23610.30078125,23643.5,408900
2026-05-18,^NSEI,NIFTY 50,23482.19921875,23695.650390625,23317.099609375,23649.94921875,392000
2026-05-19,^NSEI,NIFTY 50,23675.30078125,23782.30078125,23587.19921875,23618.0,442000
2026-05-20,^NSEI,NIFTY 50,23457.25,23690.900390625,23397.30078125,23659.0,344100
2026-05-21,^NSEI,NIFTY 50,23830.05078125,23859.900390625,23596.599609375,23654.69921875,348200
2026-05-22,^NSEI,NIFTY 50,23671.19921875,23835.650390625,23671.0,23719.30078125,336100
2026-05-25,^NSEI,NIFTY 50,23940.25,24054.44921875,23922.849609375,24031.69921875,351200
2026-05-26,^NSEI,NIFTY 50,24004.099609375,24089.80078125,23885.44921875,23913.69921875,387900
2026-05-27,^NSEI,NIFTY 50,23880.349609375,23983.19921875,23858.25,23907.150390625,531600
2026-05-29,^NSEI,NIFTY 50,23902.150390625,24002.80078125,23484.75,23547.75,1198000
2026-06-01,^NSEI,NIFTY 50,23654.5,23733.69921875,23357.94921875,23382.599609375,421700
2026-06-02,^NSEI,NIFTY 50,23229.150390625,23556.94921875,23229.150390625,23483.55078125,511900
2026-06-03,^NSEI,NIFTY 50,23415.94921875,23459.650390625,23151.5,23405.599609375,450100
2026-06-04,^NSEI,NIFTY 50,23282.44921875,23465.30078125,23247.30078125,23416.55078125,412500
2026-06-05,^NSEI,NIFTY 50,23478.94921875,23516.349609375,23282.650390625,23366.69921875,366200
2026-06-08,^NSEI,NIFTY 50,23080.69921875,23267.30078125,23070.150390625,23123.0,375700
2026-06-09,^NSEI,NIFTY 50,23259.05078125,23279.400390625,23104.44921875,23242.099609375,402600
2026-06-10,^NSEI,NIFTY 50,23233.94921875,23425.349609375,23184.599609375,23214.94921875,380000
2026-06-11,^NSEI,NIFTY 50,23104.400390625,23327.44921875,23072.05078125,23161.599609375,363000
2026-06-12,^NSEI,NIFTY 50,23412.55078125,23645.349609375,23313.900390625,23622.900390625,351900
2026-06-15,^NSEI,NIFTY 50,23984.849609375,24011.400390625,23817.80078125,23853.900390625,398900
2026-06-16,^NSEI,NIFTY 50,23923.900390625,24002.599609375,23888.19921875,23989.150390625,327300
2026-06-17,^NSEI,NIFTY 50,24044.5,24108.19921875,23969.69921875,24085.69921875,352700
2026-06-18,^NSEI,NIFTY 50,24073.80078125,24189.25,24036.94921875,24168.0,340000
2026-06-19,^NSEI,NIFTY 50,23991.19921875,24047.19921875,23901.900390625,24013.099609375,447900
2026-06-22,^NSEI,NIFTY 50,24106.599609375,24168.05078125,24073.150390625,24102.900390625,252800
2026-06-23,^NSEI,NIFTY 50,24071.30078125,24135.5,23784.94921875,23824.099609375,340100
2026-06-24,^NSEI,NIFTY 50,23795.80078125,24090.05078125,23789.25,24021.650390625,395600
2026-06-25,^NSEI,NIFTY 50,24125.849609375,24261.599609375,24039.0,24056.0,448800
2026-06-29,^NSEI,NIFTY 50,24061.75,24120.0,23924.55078125,23946.25,588500
2026-06-30,^NSEI,NIFTY 50,24032.05078125,24035.55078125,23829.19921875,23865.75,449000
2026-07-01,^NSEI,NIFTY 50,23897.650390625,24049.900390625,23895.099609375,24005.849609375,352100
2026-07-02,^NSEI,NIFTY 50,24062.19921875,24194.55078125,24058.80078125,24175.69921875,372900
2026-07-03,^NSEI,NIFTY 50,24375.650390625,24378.150390625,24252.349609375,24270.849609375,326600
2026-07-06,^NSEI,NIFTY 50,24306.849609375,24458.650390625,24287.099609375,24430.349609375,329400
2026-07-07,^NSEI,NIFTY 50,24464.44921875,24530.900390625,24348.94921875,24398.69921875,412600
2026-07-08,^NSEI,NIFTY 50,24259.55078125,24300.0,23805.19921875,23882.05078125,420500
2026-07-09,^NSEI,NIFTY 50,23928.94921875,24134.69921875,23925.69921875,23962.80078125,384800
2026-07-10,^NSEI,NIFTY 50,24124.69921875,24228.44921875,24120.349609375,24206.900390625,313100
2026-07-13,^NSEI,NIFTY 50,24039.400390625,24259.80078125,24000.19921875,24211.0,322700
2026-07-14,^NSEI,NIFTY 50,24068.0,24157.099609375,24023.69921875,24052.05078125,355800
2026-07-15,^NSEI,NIFTY 50,24085.849609375,24220.349609375,24010.55078125,24078.5,306900
2026-07-16,^NSEI,NIFTY 50,24142.099609375,24186.5,24050.0,24072.75,264300
2026-07-17,^NSEI,NIFTY 50,24127.599609375,24367.30078125,24099.05078125,24334.30078125,387800
2026-07-20,^NSEI,NIFTY 50,24190.05078125,24266.099609375,24135.849609375,24238.5,353100
2026-07-21,^NSEI,NIFTY 50,24216.05078125,24262.19921875,24135.650390625,24187.69921875,315600
2026-07-22,^NSEI,NIFTY 50,24150.44921875,24166.30078125,23961.400390625,23996.25,304700
2026-07-23,^NSEI,NIFTY 50,23904.80078125,23990.75,23807.19921875,23869.599609375,344000
2026-07-24,^NSEI,NIFTY 50,23666.349609375,23823.599609375,23606.30078125,23767.44921875,333900
2026-07-27,^NSEI,NIFTY 50,23928.400390625,24011.599609375,23891.55078125,23995.94921875,319400
2026-07-28,^NSEI,NIFTY 50,23971.25,24041.150390625,23954.599609375,23985.349609375,437800
2026-07-29,^NSEI,NIFTY 50,24176.650390625,24283.55078125,24136.75,24250.19921875,424200
2026-07-30,^NSEI,NIFTY 50,24249.55078125,24342.94921875,24187.099609375,24317.150390625,400600
2026-07-31,^NSEI,NIFTY 50,24361.44921875,24429.400390625,24299.69921875,24383.599609375,411700
2026-08-03,^NSEI,NIFTY 50,24572.69921875,24774.30078125,24515.150390625,24774.30078125,342300
2026-08-04,^NSEI,NIFTY 50,24703.900390625,24703.900390625,24427.94921875,24614.900390625,296500
2026-08-05,^NSEI,NIFTY 50,24669.19921875,24677.599609375,24497.94921875,24624.650390625,355500
2026-08-06,^NSEI,NIFTY 50,24641.0,24677.05078125,24604.150390625,24636.0,344000
2026-08-07,^NSEI,NIFTY 50,24538.900390625,24630.400390625,24522.75,24570.650390625,254800
2026-08-10,^NSEI,NIFTY 50,24581.25,24620.94921875,24511.099609375,24583.80078125,269500
2026-08-11,^NSEI,NIFTY 50,24575.099609375,24576.849609375,24429.25,24471.69921875,271800
2026-08-12,^NSEI,NIFTY 50,24472.44921875,24473.30078125,24265.94921875,24435.94921875,317600
2026-08-13,^NSEI,NIFTY 50,24431.599609375,24431.599609375,24311.400390625,24395.849609375,295800
2026-08-14,^NSEI,NIFTY 50,24361.900390625,24405.19921875,24296.80078125,24366.0,267700
2026-08-17,^NSEI,NIFTY 50,24343.44921875,24360.099609375,24226.94921875,24287.650390625,225400
2026-08-18,^NSEI,NIFTY 50,24223.849609375,24269.650390625,24154.900390625,24154.900390625,227000
2026-08-19,^NSEI,NIFTY 50,24152.05078125,24172.849609375,24025.650390625,24078.30078125,238700
2026-08-20,^NSEI,NIFTY 50,24225.44921875,24265.150390625,24184.55078125,24231.849609375,253900
2026-08-21,^NSEI,NIFTY 50,24284.05078125,24284.05078125,24206.80078125,24252.0,259300
2026-08-24,^NSEI,NIFTY 50,24285.05078125,24313.0,24144.30078125,24219.05078125,236300
2026-08-25,^NSEI,NIFTY 50,24175.75,24334.55078125,24115.44921875,24334.55078125,0
2024-08-26,^NSEBANK,BANK NIFTY,51100.6484375,51317.8515625,51061.55078125,51148.1015625,100300
2024-08-27,^NSEBANK,BANK NIFTY,51214.05078125,51404.69921875,50938.1015625,51278.75,111400
2024-08-28,^NSEBANK,BANK NIFTY,51208.94921875,51260.75,51033.69921875,51143.8515625,128100
2024-08-29,^NSEBANK,BANK NIFTY,51103.75,51368.94921875,50984.3984375,51152.75,143600
2024-08-30,^NSEBANK,BANK NIFTY,51437.44921875,51466.55078125,51256.0,51351.0,478600
2024-09-02,^NSEBANK,BANK NIFTY,51579.5,51579.5,51295.80078125,51439.55078125,150200
2024-09-03,^NSEBANK,BANK NIFTY,51479.75,51750.1015625,51240.05078125,51689.1015625,127200
2024-09-04,^NSEBANK,BANK NIFTY,51364.6484375,51503.55078125,51259.8984375,51400.25,159700
2024-09-05,^NSEBANK,BANK NIFTY,51544.25,51636.75,51389.1484375,51473.05078125,129600
2024-09-06,^NSEBANK,BANK NIFTY,51200.3984375,51380.05078125,50447.30078125,50576.8515625,186000
2024-09-09,^NSEBANK,BANK NIFTY,50549.25,51192.75,50369.3984375,51117.80078125,172400
2024-09-10,^NSEBANK,BANK NIFTY,51328.30078125,51366.0,50958.25,51272.30078125,119300
2024-09-11,^NSEBANK,BANK NIFTY,51218.55078125,51420.1484375,50947.69921875,51010.0,145100
2024-09-12,^NSEBANK,BANK NIFTY,51271.0,51878.1015625,51025.0,51772.3984375,127900
2024-09-13,^NSEBANK,BANK NIFTY,51952.55078125,51994.1015625,51643.94921875,51938.05078125,152000
2024-09-16,^NSEBANK,BANK NIFTY,52038.69921875,52208.69921875,51921.44921875,52153.1484375,93800
2024-09-17,^NSEBANK,BANK NIFTY,52249.05078125,52284.6015625,52085.5,52188.6484375,111400
2024-09-18,^NSEBANK,BANK NIFTY,52177.1015625,52954.19921875,52154.55078125,52750.3984375,205100
2024-09-19,^NSEBANK,BANK NIFTY,52929.25,53353.30078125,52847.8984375,53037.6015625,164900
2024-09-20,^NSEBANK,BANK NIFTY,53235.80078125,54066.1015625,53037.6015625,53793.19921875,271900
2024-09-23,^NSEBANK,BANK NIFTY,53917.8984375,54197.94921875,53741.3984375,54105.80078125,163700
2024-09-24,^NSEBANK,BANK NIFTY,54110.6484375,54247.69921875,53904.6484375,53968.6015625,192600
2024-09-25,^NSEBANK,BANK NIFTY,53794.0,54141.30078125,53792.8515625,54101.6484375,184600
2024-09-26,^NSEBANK,BANK NIFTY,54045.8515625,54467.3515625,54010.8984375,54375.3515625,170500
2024-09-27,^NSEBANK,BANK NIFTY,54338.69921875,54338.69921875,53763.19921875,53834.30078125,217400
2024-09-30,^NSEBANK,BANK NIFTY,53556.94921875,53726.3984375,52926.55078125,52978.1015625,179300
2024-10-01,^NSEBANK,BANK NIFTY,52844.0,53235.25,52817.80078125,52922.6015625,240200
2024-10-03,^NSEBANK,BANK NIFTY,52314.44921875,52582.94921875,51683.3984375,51845.19921875,272300
2024-10-04,^NSEBANK,BANK NIFTY,51643.75,52358.3515625,51347.25,51462.05078125,255800
2024-10-07,^NSEBANK,BANK NIFTY,51543.19921875,51784.80078125,50194.30078125,50478.8984375,328700
2024-10-08,^NSEBANK,BANK NIFTY,50736.1015625,51176.05078125,50466.0,51021.0,153200
2024-10-09,^NSEBANK,BANK NIFTY,51161.75,51707.1484375,50903.75,51007.0,310000
2024-10-10,^NSEBANK,BANK NIFTY,51195.69921875,51659.44921875,51047.0,51530.8984375,123700
2024-10-11,^NSEBANK,BANK NIFTY,51491.8984375,51560.0,51005.8515625,51172.30078125,109400
2024-10-14,^NSEBANK,BANK NIFTY,51263.25,51893.0,51220.8515625,51816.8984375,126600
2024-10-15,^NSEBANK,BANK NIFTY,51975.94921875,52022.05078125,51698.75,51906.0,101400
2024-10-16,^NSEBANK,BANK NIFTY,51711.19921875,52031.6015625,51711.19921875,51801.05078125,94400
2024-10-17,^NSEBANK,BANK NIFTY,51849.30078125,51930.19921875,51150.25,51288.80078125,107800
2024-10-18,^NSEBANK,BANK NIFTY,51261.0,52199.44921875,51000.8984375,52094.19921875,139100
2024-10-21,^NSEBANK,BANK NIFTY,52361.1015625,52577.5,51855.1484375,51962.69921875,145700
2024-10-22,^NSEBANK,BANK NIFTY,52071.3515625,52257.30078125,51179.6015625,51257.1484375,203900
2024-10-23,^NSEBANK,BANK NIFTY,51117.80078125,51551.55078125,51107.8984375,51239.0,208100
2024-10-24,^NSEBANK,BANK NIFTY,51272.30078125,51781.55078125,51201.8515625,51531.1484375,171800
2024-10-25,^NSEBANK,BANK NIFTY,51369.75,51501.05078125,50382.1015625,50787.44921875,271700
2024-10-28,^NSEBANK,BANK NIFTY,51061.3515625,51589.1484375,51012.55078125,51259.30078125,447600
2024-10-29,^NSEBANK,BANK NIFTY,51404.1015625,52354.8515625,51278.8984375,52320.69921875,374600
2024-10-30,^NSEBANK,BANK NIFTY,51988.69921875,52220.0,51733.0,51807.5,247700
2024-10-31,^NSEBANK,BANK NIFTY,51649.44921875,52005.6015625,51318.1015625,51475.3515625,319900
2024-11-01,^NSEBANK,BANK NIFTY,51550.1484375,51825.5,51459.3984375,51673.8984375,51400
2024-11-04,^NSEBANK,BANK NIFTY,51764.5,51764.5,51066.80078125,51215.25,320500
2024-11-05,^NSEBANK,BANK NIFTY,51052.6015625,52289.55078125,50865.44921875,52207.25,245000
2024-11-06,^NSEBANK,BANK NIFTY,52440.3984375,52493.94921875,52185.3984375,52317.3984375,219100
2024-11-07,^NSEBANK,BANK NIFTY,52258.94921875,52377.25,51752.25,51916.5,160500
2024-11-08,^NSEBANK,BANK NIFTY,51869.1484375,52007.1484375,51494.0,51561.19921875,157200
2024-11-11,^NSEBANK,BANK NIFTY,51562.69921875,52177.69921875,51294.19921875,51876.75,160700
2024-11-12,^NSEBANK,BANK NIFTY,52053.75,52169.05078125,51006.8515625,51157.80078125,131400
2024-11-13,^NSEBANK,BANK NIFTY,51030.94921875,51353.5,49904.3984375,50088.3515625,207100
2024-11-14,^NSEBANK,BANK NIFTY,50053.44921875,50561.80078125,49939.3515625,50179.55078125,133900
2024-11-18,^NSEBANK,BANK NIFTY,50312.44921875,50445.80078125,50074.0,50363.80078125,161500
2024-11-19,^NSEBANK,BANK NIFTY,50580.55078125,50983.5,50440.8515625,50626.5,185800
2024-11-21,^NSEBANK,BANK NIFTY,50625.0,50652.1484375,49787.1015625,50372.8984375,254600
2024-11-22,^NSEBANK,BANK NIFTY,50512.80078125,51271.5,50508.25,51135.3984375,183400
2024-11-25,^NSEBANK,BANK NIFTY,52046.3515625,52331.1015625,51774.05078125,52207.5,458500
2024-11-26,^NSEBANK,BANK NIFTY,52554.8984375,52555.5,51999.75,52191.5,113100
2024-11-27,^NSEBANK,BANK NIFTY,52154.30078125,52444.3515625,52019.6484375,52301.80078125,151600
2024-11-28,^NSEBANK,BANK NIFTY,52389.94921875,52760.19921875,51782.8984375,51906.8515625,172000
2024-11-29,^NSEBANK,BANK NIFTY,51984.1484375,52170.8984375,51759.44921875,52055.6015625,139600
2024-12-02,^NSEBANK,BANK NIFTY,52087.6484375,52197.25,51693.94921875,52109.0,102500
2024-12-03,^NSEBANK,BANK NIFTY,52357.94921875,52780.8984375,52216.8515625,52695.75,173600
2024-12-04,^NSEBANK,BANK NIFTY,52775.0,53387.1015625,52685.1484375,53266.8984375,228600
2024-12-05,^NSEBANK,BANK NIFTY,53354.44921875,53888.30078125,52850.3515625,53603.55078125,155600
2024-12-06,^NSEBANK,BANK NIFTY,53634.19921875,53868.5,53160.6484375,53509.5,209400
2024-12-09,^NSEBANK,BANK NIFTY,53380.75,53775.1015625,53326.3984375,53407.75,121800
2024-12-10,^NSEBANK,BANK NIFTY,53450.05078125,53624.05078125,53302.6484375,53577.69921875,121800
2024-12-11,^NSEBANK,BANK NIFTY,53459.30078125,53648.05078125,53302.1484375,53391.3515625,101600
2024-12-12,^NSEBANK,BANK NIFTY,53201.0,53537.44921875,53174.3984375,53216.44921875,99500
2024-12-13,^NSEBANK,BANK NIFTY,53109.80078125,53654.0,52264.55078125,53583.80078125,139900
2024-12-16,^NSEBANK,BANK NIFTY,53502.5,53738.8984375,53335.0,53581.3515625,85800
2024-12-17,^NSEBANK,BANK NIFTY,53394.1015625,53515.69921875,52709.3984375,52834.80078125,116200
2024-12-18,^NSEBANK,BANK NIFTY,52696.94921875,52827.6015625,52010.6484375,52139.55078125,149500
2024-12-19,^NSEBANK,BANK NIFTY,51428.44921875,51789.8515625,51263.75,51575.69921875,145900
2024-12-20,^NSEBANK,BANK NIFTY,51401.3515625,51629.0,50609.3515625,50759.19921875,228200
2024-12-23,^NSEBANK,BANK NIFTY,51044.3984375,51417.3515625,51030.3984375,51317.6015625,110800
2024-12-24,^NSEBANK,BANK NIFTY,51314.94921875,51382.1015625,51137.5,51233.0,112000
2024-12-26,^NSEBANK,BANK NIFTY,51395.80078125,51740.0,50951.80078125,51170.69921875,91300
2024-12-27,^NSEBANK,BANK NIFTY,51268.19921875,51628.44921875,51240.1015625,51311.30078125,78200
2024-12-30,^NSEBANK,BANK NIFTY,51255.3515625,51979.75,50718.3515625,50952.75,316300
2024-12-31,^NSEBANK,BANK NIFTY,50648.19921875,50945.55078125,50599.80078125,50860.19921875,105300
2025-01-01,^NSEBANK,BANK NIFTY,50841.8984375,51321.94921875,50485.05078125,51060.6015625,81100
2025-01-02,^NSEBANK,BANK NIFTY,51084.94921875,51672.75,50992.80078125,51605.55078125,134400
2025-01-03,^NSEBANK,BANK NIFTY,51567.1484375,51671.6015625,50904.3515625,50988.80078125,148200
2025-01-06,^NSEBANK,BANK NIFTY,50990.6484375,51026.1015625,49751.0,49922.0,184600
2025-01-07,^NSEBANK,BANK NIFTY,50061.19921875,50447.6015625,49969.30078125,50202.1484375,103800
2025-01-08,^NSEBANK,BANK NIFTY,50201.75,50246.8984375,49389.75,49835.05078125,131200
2025-01-09,^NSEBANK,BANK NIFTY,49712.55078125,49798.1015625,49230.1484375,49503.5,136400
2025-01-10,^NSEBANK,BANK NIFTY,49426.5,49483.1484375,48631.19921875,48734.1484375,142400
2025-01-13,^NSEBANK,BANK NIFTY,48264.25,48606.3515625,47898.3515625,48041.25,168800
2025-01-14,^NSEBANK,BANK NIFTY,48266.8984375,49007.3515625,48235.19921875,48729.1484375,151900
2025-01-15,^NSEBANK,BANK NIFTY,48832.75,49083.6484375,48522.3984375,48751.69921875,145100
2025-01-16,^NSEBANK,BANK NIFTY,49082.8984375,49459.0,49038.44921875,49278.69921875,146700
2025-01-17,^NSEBANK,BANK NIFTY,48959.5,49047.19921875,48309.5,48540.6015625,130600
2025-01-20,^NSEBANK,BANK NIFTY,48834.1484375,49650.6015625,48683.6015625,49350.80078125,173100
2025-01-21,^NSEBANK,BANK NIFTY,49532.0,49543.1484375,48430.94921875,48570.8984375,134700
2025-01-22,^NSEBANK,BANK NIFTY,48689.55078125,48781.75,48074.05078125,48724.3984375,151700
2025-01-23,^NSEBANK,BANK NIFTY,48770.1484375,48892.69921875,48493.0,48589.0,124600
2025-01-24,^NSEBANK,BANK NIFTY,48546.05078125,48858.6484375,48203.0,48367.80078125,139900
2025-01-27,^NSEBANK,BANK NIFTY,47881.6484375,48319.19921875,47844.1484375,48064.6484375,271800
2025-01-28,^NSEBANK,BANK NIFTY,48642.5,49247.1484375,48449.05078125,48866.8515625,299900
2025-01-29,^NSEBANK,BANK NIFTY,48997.19921875,49199.6484375,48849.80078125,49165.94921875,177200
2025-01-30,^NSEBANK,BANK NIFTY,49206.19921875,49426.19921875,49031.80078125,49311.94921875,197900
2025-01-31,^NSEBANK,BANK NIFTY,49259.6484375,49674.80078125,49031.80078125,49587.19921875,232000
2025-02-03,^NSEBANK,BANK NIFTY,49074.80078125,49373.44921875,48906.05078125,49210.55078125,122900
2025-02-04,^NSEBANK,BANK NIFTY,49538.80078125,50206.6015625,49482.5,50157.94921875,155700
2025-02-05,^NSEBANK,BANK NIFTY,50402.30078125,50522.1484375,50215.44921875,50343.05078125,149000
2025-02-06,^NSEBANK,BANK NIFTY,50468.3515625,50553.3515625,50149.80078125,50382.1015625,158400
2025-02-07,^NSEBANK,BANK NIFTY,50484.44921875,50641.75,49871.1484375,50158.8515625,178700
2025-02-10,^NSEBANK,BANK NIFTY,50052.5,50155.6484375,49703.1015625,49981.0,98400
2025-02-11,^NSEBANK,BANK NIFTY,49812.1484375,49906.75,49177.3984375,49403.3984375,127000
2025-02-12,^NSEBANK,BANK NIFTY,49402.25,49702.3515625,48734.3515625,49479.44921875,136500
2025-02-13,^NSEBANK,BANK NIFTY,49469.3515625,49836.1015625,49276.1015625,49359.8515625,118600
2025-02-14,^NSEBANK,BANK NIFTY,49485.6484375,49592.94921875,48719.75,49099.44921875,130600
2025-02-17,^NSEBANK,BANK NIFTY,48880.3984375,49319.0,48525.6015625,49258.8984375,114800
2025-02-18,^NSEBANK,BANK NIFTY,49211.8515625,49328.55078125,48814.94921875,49087.30078125,107800
2025-02-19,^NSEBANK,BANK NIFTY,48895.3515625,49628.25,48804.0,49570.1015625,113300
2025-02-20,^NSEBANK,BANK NIFTY,49314.1015625,49455.80078125,49150.94921875,49334.55078125,112000
2025-02-21,^NSEBANK,BANK NIFTY,49127.94921875,49306.55078125,48764.0,48981.19921875,95300
2025-02-24,^NSEBANK,BANK NIFTY,48619.80078125,48748.3984375,48281.8984375,48651.94921875,95700
2025-02-25,^NSEBANK,BANK NIFTY,48691.19921875,48862.1484375,48534.1484375,48608.3515625,106700
2025-02-27,^NSEBANK,BANK NIFTY,48732.19921875,48972.55078125,48627.1015625,48743.80078125,186700
2025-02-28,^NSEBANK,BANK NIFTY,48437.55078125,48574.5,48078.69921875,48344.69921875,287700
2025-03-03,^NSEBANK,BANK NIFTY,48478.6015625,48574.69921875,47841.30078125,48114.30078125,151000
2025-03-04,^NSEBANK,BANK NIFTY,47942.5,48374.8984375,47924.75,48245.19921875,139300
2025-03-05,^NSEBANK,BANK NIFTY,48241.30078125,48657.6484375,48190.25,48489.94921875,127800
2025-03-06,^NSEBANK,BANK NIFTY,48760.0,48839.1015625,48299.3984375,48627.69921875,137400
2025-03-07,^NSEBANK,BANK NIFTY,48463.80078125,48709.05078125,48359.3515625,48497.5,106000
2025-03-10,^NSEBANK,BANK NIFTY,48312.0,48599.1484375,48124.6484375,48216.80078125,123800
2025-03-11,^NSEBANK,BANK NIFTY,47874.80078125,48029.05078125,47702.8984375,47853.94921875,222400
2025-03-12,^NSEBANK,BANK NIFTY,47894.3984375,48222.1484375,47844.94921875,48056.6484375,243300
2025-03-13,^NSEBANK,BANK NIFTY,48219.1484375,48352.44921875,48006.1015625,48060.3984375,145900
2025-03-17,^NSEBANK,BANK NIFTY,48219.55078125,48481.3515625,48196.1015625,48354.1484375,131300
2025-03-18,^NSEBANK,BANK NIFTY,48792.8984375,49400.30078125,48629.44921875,49314.5,146600
2025-03-19,^NSEBANK,BANK NIFTY,49375.3984375,49807.55078125,49324.80078125,49702.6015625,137600
2025-03-20,^NSEBANK,BANK NIFTY,49947.6015625,50155.30078125,49771.6484375,50062.8515625,115700
2025-03-21,^NSEBANK,BANK NIFTY,49927.1015625,50672.1484375,49891.94921875,50593.55078125,225500
2025-03-24,^NSEBANK,BANK NIFTY,50982.69921875,51801.1484375,50795.8984375,51704.94921875,180400
2025-03-25,^NSEBANK,BANK NIFTY,51874.19921875,52063.94921875,51429.6015625,51607.94921875,185200
2025-03-26,^NSEBANK,BANK NIFTY,51640.05078125,51875.80078125,51069.1484375,51209.0,152900
2025-03-27,^NSEBANK,BANK NIFTY,51084.69921875,51714.3515625,51050.8515625,51575.8515625,415800
2025-03-28,^NSEBANK,BANK NIFTY,51608.3984375,51839.1015625,51335.3515625,51564.8515625,171200
2025-04-01,^NSEBANK,BANK NIFTY,51178.1484375,51683.8515625,50742.0,50827.5,176300
2025-04-02,^NSEBANK,BANK NIFTY,50966.8984375,51404.19921875,50908.3515625,51348.05078125,149900
2025-04-03,^NSEBANK,BANK NIFTY,50910.0,51661.6015625,50906.6484375,51597.3515625,291200
2025-04-04,^NSEBANK,BANK NIFTY,51711.6015625,51893.6015625,51360.3984375,51502.69921875,189600
2025-04-07,^NSEBANK,BANK NIFTY,49336.1015625,50426.25,49156.94921875,49860.1015625,236800
2025-04-08,^NSEBANK,BANK NIFTY,50388.55078125,50793.69921875,50030.80078125,50511.0,162300
2025-04-09,^NSEBANK,BANK NIFTY,50487.1015625,50496.8984375,49910.8515625,50240.1484375,141800
2025-04-11,^NSEBANK,BANK NIFTY,50634.1015625,51244.69921875,50634.1015625,51002.3515625,140000
2025-04-15,^NSEBANK,BANK NIFTY,52299.0,52486.3515625,51863.30078125,52379.5,203800
2025-04-16,^NSEBANK,BANK NIFTY,52690.8984375,53164.44921875,52471.3515625,53117.75,200500
2025-04-17,^NSEBANK,BANK NIFTY,53153.75,54407.19921875,53084.8984375,54290.19921875,294900
2025-04-21,^NSEBANK,BANK NIFTY,54891.25,55461.6484375,54674.94921875,55304.5,300
2025-04-22,^NSEBANK,BANK NIFTY,55414.30078125,55961.19921875,55243.55078125,55647.19921875,276900
2025-04-23,^NSEBANK,BANK NIFTY,56097.1015625,56098.69921875,55162.5,55370.05078125,245500
2025-04-24,^NSEBANK,BANK NIFTY,55103.8984375,55550.44921875,55088.3984375,55201.3984375,233200
2025-04-25,^NSEBANK,BANK NIFTY,55233.55078125,55350.55078125,54176.44921875,54664.05078125,210800
2025-04-28,^NSEBANK,BANK NIFTY,54610.30078125,55577.3984375,54582.3515625,55432.80078125,178600
2025-04-29,^NSEBANK,BANK NIFTY,55524.3515625,55957.75,55262.3984375,55391.25,193900
2025-04-30,^NSEBANK,BANK NIFTY,55382.3984375,55478.25,54723.69921875,55087.1484375,193500
2025-05-02,^NSEBANK,BANK NIFTY,55100.94921875,55691.94921875,54994.3984375,55115.3515625,154200
2025-05-05,^NSEBANK,BANK NIFTY,55065.80078125,55345.5,54786.5,54919.5,139400
2025-05-06,^NSEBANK,BANK NIFTY,54918.25,55036.94921875,54172.94921875,54271.3984375,198700
2025-05-07,^NSEBANK,BANK NIFTY,54013.3984375,54684.30078125,53919.8984375,54610.8984375,268900
2025-05-08,^NSEBANK,BANK NIFTY,54801.75,54937.25,54108.0,54365.6484375,302200
2025-05-09,^NSEBANK,BANK NIFTY,53595.94921875,54054.80078125,53483.05078125,53595.25,179300
2025-05-12,^NSEBANK,BANK NIFTY,54658.75,55466.30078125,54558.05078125,55382.8515625,199600
2025-05-13,^NSEBANK,BANK NIFTY,55233.5,55499.6484375,54888.5,54940.8515625,190000
2025-05-14,^NSEBANK,BANK NIFTY,55008.55078125,55208.6015625,54491.0,54801.30078125,145200
2025-05-15,^NSEBANK,BANK NIFTY,54853.69921875,55490.55078125,54442.30078125,55355.6015625,138400
2025-05-16,^NSEBANK,BANK NIFTY,55276.0,55418.8984375,55170.25,55354.8984375,136000
2025-05-19,^NSEBANK,BANK NIFTY,55326.05078125,55695.55078125,55296.55078125,55420.69921875,138100
2025-05-20,^NSEBANK,BANK NIFTY,55445.30078125,55568.3515625,54829.44921875,54877.3515625,143400
2025-05-21,^NSEBANK,BANK NIFTY,55060.19921875,55336.8515625,54690.80078125,55075.1015625,119500
2025-05-22,^NSEBANK,BANK NIFTY,54875.8984375,54996.1015625,54576.6015625,54941.30078125,148200
2025-05-23,^NSEBANK,BANK NIFTY,54959.30078125,55441.30078125,54854.5,55398.25,88900
2025-05-26,^NSEBANK,BANK NIFTY,55534.8984375,55875.75,55307.5,55572.0,90800
2025-05-27,^NSEBANK,BANK NIFTY,55458.94921875,55831.3515625,55037.8515625,55352.80078125,145400
2025-05-28,^NSEBANK,BANK NIFTY,55328.6015625,55521.80078125,55235.55078125,55417.0,128300
2025-05-29,^NSEBANK,BANK NIFTY,55571.3984375,55782.75,55096.44921875,55546.05078125,185700
2025-05-30,^NSEBANK,BANK NIFTY,55615.55078125,55813.30078125,55356.6015625,55749.69921875,281100
2025-06-02,^NSEBANK,BANK NIFTY,55598.25,55966.30078125,55400.55078125,55903.3984375,211300
2025-06-03,^NSEBANK,BANK NIFTY,56104.80078125,56161.3984375,55455.80078125,55599.94921875,212800
2025-06-04,^NSEBANK,BANK NIFTY,55650.3515625,55791.0,55408.3515625,55676.8515625,151500
2025-06-05,^NSEBANK,BANK NIFTY,55806.75,56010.1484375,55580.44921875,55760.8515625,141300
2025-06-06,^NSEBANK,BANK NIFTY,55699.44921875,56695.0,55534.75,56578.3984375,347000
2025-06-09,^NSEBANK,BANK NIFTY,57049.5,57049.5,56792.69921875,56839.6015625,207500
2025-06-10,^NSEBANK,BANK NIFTY,56993.8984375,57015.3984375,56564.1484375,56629.1015625,146000
2025-06-11,^NSEBANK,BANK NIFTY,56639.8515625,56782.5,56399.3984375,56459.75,135300
2025-06-12,^NSEBANK,BANK NIFTY,56480.8984375,56611.05078125,55968.5,56082.55078125,135300
2025-06-13,^NSEBANK,BANK NIFTY,55149.30078125,55688.0,55149.30078125,55527.3515625,142000
2025-06-16,^NSEBANK,BANK NIFTY,55554.1015625,55999.8515625,55381.44921875,55944.8984375,107700
2025-06-17,^NSEBANK,BANK NIFTY,55975.0,56067.30078125,55643.94921875,55714.1484375,106300
2025-06-18,^NSEBANK,BANK NIFTY,55544.94921875,55933.6015625,55511.80078125,55828.75,116400
2025-06-19,^NSEBANK,BANK NIFTY,55784.8515625,55942.44921875,55475.44921875,55577.44921875,131300
2025-06-20,^NSEBANK,BANK NIFTY,55566.69921875,56328.19921875,55566.3984375,56252.8515625,161500
2025-06-23,^NSEBANK,BANK NIFTY,55832.3515625,56233.55078125,55779.25,56059.3515625,86800
2025-06-24,^NSEBANK,BANK NIFTY,56529.44921875,56862.0,56276.1484375,56461.8984375,132900
2025-06-25,^NSEBANK,BANK NIFTY,56564.5,56681.3984375,56420.6484375,56621.1484375,98700
2025-06-26,^NSEBANK,BANK NIFTY,56693.55078125,57263.44921875,56558.3515625,57206.69921875,176500
2025-06-27,^NSEBANK,BANK NIFTY,57234.69921875,57475.3984375,56993.8515625,57443.8984375,238000
2025-06-30,^NSEBANK,BANK NIFTY,57529.94921875,57614.5,57193.80078125,57312.75,183000
2025-07-01,^NSEBANK,BANK NIFTY,57375.80078125,57533.8515625,57150.3515625,57459.44921875,283300
2025-07-02,^NSEBANK,BANK NIFTY,57558.19921875,57628.3984375,56833.80078125,56999.19921875,169600
2025-07-03,^NSEBANK,BANK NIFTY,57050.3984375,57193.25,56764.1015625,56791.94921875,149900
2025-07-04,^NSEBANK,BANK NIFTY,56825.25,57075.1015625,56623.6015625,57031.8984375,93900
2025-07-07,^NSEBANK,BANK NIFTY,56938.69921875,57152.19921875,56838.55078125,56949.19921875,103300
2025-07-08,^NSEBANK,BANK NIFTY,56942.55078125,57303.30078125,56923.05078125,57256.30078125,105500
2025-07-09,^NSEBANK,BANK NIFTY,57199.75,57290.6484375,57037.8984375,57213.55078125,91100
2025-07-10,^NSEBANK,BANK NIFTY,57339.75,57363.69921875,56886.6015625,56956.0,102000
2025-07-11,^NSEBANK,BANK NIFTY,56843.44921875,57091.05078125,56607.75,56754.69921875,95500
2025-07-14,^NSEBANK,BANK NIFTY,56780.75,56896.30078125,56594.25,56765.3515625,123000
2025-07-15,^NSEBANK,BANK NIFTY,56709.19921875,57134.94921875,56707.80078125,57006.6484375,124600
2025-07-16,^NSEBANK,BANK NIFTY,57111.25,57276.55078125,56937.6015625,57168.94921875,161300
2025-07-17,^NSEBANK,BANK NIFTY,57231.94921875,57262.8515625,56780.1484375,56828.80078125,129800
2025-07-18,^NSEBANK,BANK NIFTY,56524.25,56705.1484375,56204.8515625,56283.0,141200
2025-07-21,^NSEBANK,BANK NIFTY,56558.8984375,56983.44921875,56255.69921875,56952.75,133700
2025-07-22,^NSEBANK,BANK NIFTY,57253.3515625,57286.1484375,56692.0,56756.0,132800
2025-07-23,^NSEBANK,BANK NIFTY,56918.1484375,57249.0,56715.80078125,57210.44921875,129800
2025-07-24,^NSEBANK,BANK NIFTY,57316.6015625,57316.6015625,56850.8984375,57066.05078125,179800
2025-07-25,^NSEBANK,BANK NIFTY,57170.69921875,57170.69921875,56439.3984375,56528.8984375,125100
2025-07-28,^NSEBANK,BANK NIFTY,56215.1015625,56578.3984375,55997.44921875,56084.8984375,145700
2025-07-29,^NSEBANK,BANK NIFTY,55881.80078125,56296.3984375,55843.25,56222.0,145100
2025-07-30,^NSEBANK,BANK NIFTY,56310.1015625,56321.1484375,56064.55078125,56150.69921875,139700
2025-07-31,^NSEBANK,BANK NIFTY,55728.1484375,56406.19921875,55547.3515625,55961.94921875,182800
2025-08-01,^NSEBANK,BANK NIFTY,55897.1484375,56097.6015625,55562.1015625,55617.6015625,98900
2025-08-04,^NSEBANK,BANK NIFTY,55557.5,55752.44921875,55437.30078125,55619.3515625,131100
2025-08-05,^NSEBANK,BANK NIFTY,55545.05078125,55648.1484375,55202.8515625,55360.25,105700
2025-08-06,^NSEBANK,BANK NIFTY,55329.80078125,55559.3984375,55227.69921875,55411.1484375,117600
2025-08-07,^NSEBANK,BANK NIFTY,55215.6484375,55614.80078125,54973.55078125,55521.1484375,95500
2025-08-08,^NSEBANK,BANK NIFTY,55609.3515625,55652.6015625,54905.6015625,55004.8984375,97300
2025-08-11,^NSEBANK,BANK NIFTY,54999.3515625,55582.1484375,54927.55078125,55510.75,105200
2025-08-12,^NSEBANK,BANK NIFTY,55441.1015625,55566.69921875,55001.5,55043.69921875,74700
2025-08-13,^NSEBANK,BANK NIFTY,55340.05078125,55340.05078125,55026.94921875,55181.44921875,80100
2025-08-14,^NSEBANK,BANK NIFTY,55102.55078125,55472.80078125,55074.30078125,55341.8515625,74200
2025-08-18,^NSEBANK,BANK NIFTY,55940.6015625,56156.30078125,55647.6484375,55734.8984375,101700
2025-08-19,^NSEBANK,BANK NIFTY,55622.30078125,55965.55078125,55608.1484375,55865.1484375,89300
2025-08-20,^NSEBANK,BANK NIFTY,55751.5,55812.6015625,55577.3515625,55698.5,69100
2025-08-21,^NSEBANK,BANK NIFTY,55972.05078125,55993.6484375,55708.19921875,55755.44921875,70300
2025-08-22,^NSEBANK,BANK NIFTY,55669.25,55745.0,55102.6015625,55149.3984375,77100
2025-08-25,^NSEBANK,BANK NIFTY,55147.75,55306.0,55048.3984375,55139.30078125,79900
2025-08-26,^NSEBANK,BANK NIFTY,54999.05078125,55068.8984375,54396.1015625,54450.44921875,123800
2025-08-28,^NSEBANK,BANK NIFTY,54256.0,54382.25,53768.44921875,53820.3515625,134300
2025-08-29,^NSEBANK,BANK NIFTY,53660.3515625,54086.0,53606.44921875,53655.6484375,103900
2025-09-01,^NSEBANK,BANK NIFTY,53658.1484375,54035.8515625,53658.1484375,54002.44921875,78000
2025-09-02,^NSEBANK,BANK NIFTY,54038.25,54160.94921875,53578.0,53661.0,77500
2025-09-03,^NSEBANK,BANK NIFTY,53630.75,54136.1484375,53561.75,54067.55078125,100100
2025-09-04,^NSEBANK,BANK NIFTY,54379.6015625,54450.55078125,53971.8515625,54075.44921875,120000
2025-09-05,^NSEBANK,BANK NIFTY,54308.05078125,54308.05078125,53719.55078125,54114.55078125,79900
2025-09-08,^NSEBANK,BANK NIFTY,54215.3984375,54518.69921875,54067.1484375,54186.8984375,76300
2025-09-09,^NSEBANK,BANK NIFTY,54330.55078125,54350.6484375,54079.44921875,54216.1015625,93800
2025-09-10,^NSEBANK,BANK NIFTY,54554.75,54705.19921875,54400.0,54536.0,116900
2025-09-11,^NSEBANK,BANK NIFTY,54413.05078125,54757.44921875,54402.3984375,54669.6015625,96900
2025-09-12,^NSEBANK,BANK NIFTY,54781.55078125,54852.25,54580.3515625,54809.30078125,80100
2025-09-15,^NSEBANK,BANK NIFTY,54884.05078125,55018.69921875,54807.5,54887.8515625,72000
2025-09-16,^NSEBANK,BANK NIFTY,54778.3984375,55185.44921875,54777.75,55147.6015625,98700
2025-09-17,^NSEBANK,BANK NIFTY,55158.3515625,55540.75,55146.55078125,55493.30078125,155300
2025-09-18,^NSEBANK,BANK NIFTY,55797.1015625,55835.25,55490.8984375,55727.44921875,134300
2025-09-19,^NSEBANK,BANK NIFTY,55647.94921875,55688.75,55355.30078125,55458.8515625,190000
2025-09-22,^NSEBANK,BANK NIFTY,55429.30078125,55666.3515625,55215.6015625,55284.75,118600
2025-09-23,^NSEBANK,BANK NIFTY,55248.69921875,55662.0,55159.0,55509.75,171200
2025-09-24,^NSEBANK,BANK NIFTY,55387.1015625,55511.1015625,55040.44921875,55121.5,172000
2025-09-25,^NSEBANK,BANK NIFTY,55061.6484375,55276.6484375,54903.30078125,54976.19921875,158400
2025-09-26,^NSEBANK,BANK NIFTY,54797.8984375,54897.0,54310.94921875,54389.3515625,127700
2025-09-29,^NSEBANK,BANK NIFTY,54460.3984375,54686.05078125,54226.6015625,54461.0,218300
2025-09-30,^NSEBANK,BANK NIFTY,54705.5,54793.05078125,54502.94921875,54635.8515625,206900
2025-10-01,^NSEBANK,BANK NIFTY,54653.8984375,55406.75,54582.55078125,55347.94921875,173000
2025-10-03,^NSEBANK,BANK NIFTY,55182.6015625,55616.44921875,55177.0,55589.25,156900
2025-10-06,^NSEBANK,BANK NIFTY,55834.69921875,56164.19921875,55727.25,56104.8515625,162600
2025-10-07,^NSEBANK,BANK NIFTY,56126.3984375,56502.44921875,56025.05078125,56239.3515625,153700
2025-10-08,^NSEBANK,BANK NIFTY,56098.5,56303.6015625,55821.0,56018.25,133600
2025-10-09,^NSEBANK,BANK NIFTY,55979.0,56286.25,55843.8984375,56192.05078125,118000
2025-10-10,^NSEBANK,BANK NIFTY,56168.6015625,56760.25,56152.44921875,56609.75,163000
2025-10-13,^NSEBANK,BANK NIFTY,56337.05078125,56770.8984375,56327.3984375,56625.0,123500
2025-10-14,^NSEBANK,BANK NIFTY,56598.6484375,56721.30078125,56230.1484375,56496.44921875,129800
2025-10-15,^NSEBANK,BANK NIFTY,56528.94921875,56922.69921875,56491.8515625,56799.8984375,123700
2025-10-16,^NSEBANK,BANK NIFTY,57139.94921875,57525.80078125,56994.69921875,57422.55078125,148600
2025-10-17,^NSEBANK,BANK NIFTY,57362.8984375,57830.19921875,57238.6484375,57713.3515625,147200
2025-10-20,^NSEBANK,BANK NIFTY,57872.8515625,58261.55078125,57872.8515625,58033.19921875,341700
2025-10-21,^NSEBANK,BANK NIFTY,58063.3984375,58155.55078125,57887.19921875,58007.19921875,39000
2025-10-23,^NSEBANK,BANK NIFTY,58314.55078125,58577.5,57951.44921875,58078.05078125,291600
2025-10-24,^NSEBANK,BANK NIFTY,58172.75,58232.8984375,57482.05078125,57699.6015625,132100
2025-10-27,^NSEBANK,BANK NIFTY,57796.44921875,58224.55078125,57652.75,58114.25,153000
2025-10-28,^NSEBANK,BANK NIFTY,58006.55078125,58313.80078125,57770.3515625,58214.1015625,256100
2025-10-29,^NSEBANK,BANK NIFTY,58316.25,58469.8984375,58087.05078125,58385.25,151800
2025-10-30,^NSEBANK,BANK NIFTY,58152.05078125,58331.19921875,57999.19921875,58031.1015625,223000
2025-10-31,^NSEBANK,BANK NIFTY,57942.44921875,58254.94921875,57656.94921875,57776.3515625,307900
2025-11-03,^NSEBANK,BANK NIFTY,57726.8515625,58247.55078125,57718.3984375,58101.44921875,27800
2025-11-04,^NSEBANK,BANK NIFTY,57966.6484375,58119.6484375,57732.94921875,57827.05078125,168600
2025-11-06,^NSEBANK,BANK NIFTY,57714.80078125,57945.05078125,57521.0,57554.25,170400
2025-11-07,^NSEBANK,BANK NIFTY,57391.3984375,58001.3515625,57157.8515625,57876.80078125,142400
2025-11-10,^NSEBANK,BANK NIFTY,57846.19921875,58097.19921875,57846.19921875,57937.55078125,123400
2025-11-11,^NSEBANK,BANK NIFTY,57962.30078125,58187.3515625,57594.25,58138.1484375,119600
2025-11-12,^NSEBANK,BANK NIFTY,58505.3515625,58507.69921875,58171.8515625,58274.6484375,149300
2025-11-13,^NSEBANK,BANK NIFTY,58158.75,58615.94921875,58127.1015625,58381.94921875,121200
2025-11-14,^NSEBANK,BANK NIFTY,58050.0,58590.1484375,58050.0,58517.55078125,114800
2025-11-17,^NSEBANK,BANK NIFTY,58696.30078125,59001.55078125,58605.30078125,58962.69921875,157500
2025-11-18,^NSEBANK,BANK NIFTY,58990.5,59103.6484375,58798.8984375,58899.25,145500
2025-11-19,^NSEBANK,BANK NIFTY,58908.1484375,59264.25,58688.55078125,59216.05078125,149800
2025-11-20,^NSEBANK,BANK NIFTY,59308.19921875,59440.1015625,59125.25,59347.69921875,120000
2025-11-21,^NSEBANK,BANK NIFTY,59116.69921875,59232.1484375,58823.6484375,58867.69921875,121400
2025-11-24,^NSEBANK,BANK NIFTY,58996.8984375,59309.8984375,58649.5,58835.3515625,190400
2025-11-25,^NSEBANK,BANK NIFTY,58925.6484375,59166.1484375,58746.19921875,58820.30078125,137400
2025-11-26,^NSEBANK,BANK NIFTY,58783.05078125,59554.94921875,58783.05078125,59528.05078125,140200
2025-11-27,^NSEBANK,BANK NIFTY,59605.30078125,59866.6015625,59523.0,59737.30078125,137800
2025-11-28,^NSEBANK,BANK NIFTY,59758.69921875,59897.5,59598.94921875,59752.69921875,100000
2025-12-01,^NSEBANK,BANK NIFTY,60102.05078125,60114.30078125,59527.6015625,59681.3515625,122300
2025-12-02,^NSEBANK,BANK NIFTY,59354.19921875,59656.55078125,59251.94921875,59273.80078125,207100
2025-12-03,^NSEBANK,BANK NIFTY,59158.69921875,59414.8984375,58925.69921875,59348.25,166400
2025-12-04,^NSEBANK,BANK NIFTY,59287.1015625,59548.69921875,59062.1484375,59288.69921875,109600
2025-12-05,^NSEBANK,BANK NIFTY,59133.19921875,59806.6015625,59106.55078125,59777.19921875,119500
2025-12-08,^NSEBANK,BANK NIFTY,59672.05078125,59713.1484375,59030.6015625,59238.55078125,131200
2025-12-09,^NSEBANK,BANK NIFTY,58918.8515625,59358.25,58878.44921875,59222.3515625,137800
2025-12-10,^NSEBANK,BANK NIFTY,59281.55078125,59440.8984375,58853.8984375,58960.3984375,105200
2025-12-11,^NSEBANK,BANK NIFTY,58966.19921875,59423.3515625,58799.8984375,59209.8515625,96900
2025-12-12,^NSEBANK,BANK NIFTY,59401.5,59545.69921875,59224.8515625,59389.94921875,107700
2025-12-15,^NSEBANK,BANK NIFTY,59053.69921875,59533.0,59052.30078125,59461.80078125,125200
2025-12-16,^NSEBANK,BANK NIFTY,59288.75,59335.25,58966.3515625,59034.6015625,123300
2025-12-17,^NSEBANK,BANK NIFTY,59072.80078125,59127.19921875,58801.3984375,58926.75,132700
2025-12-18,^NSEBANK,BANK NIFTY,58712.69921875,59211.0,58712.69921875,58912.8515625,97400
2025-12-19,^NSEBANK,BANK NIFTY,59047.3984375,59140.55078125,58897.5,59069.19921875,179100
2025-12-22,^NSEBANK,BANK NIFTY,59224.75,59371.19921875,59155.5,59304.0,114800
2025-12-23,^NSEBANK,BANK NIFTY,59334.3515625,59402.3515625,59216.75,59299.55078125,91800
2025-12-24,^NSEBANK,BANK NIFTY,59322.94921875,59478.1484375,59118.25,59183.6015625,82500
2025-12-26,^NSEBANK,BANK NIFTY,59092.8515625,59180.6484375,58947.05078125,59011.3515625,72900
2025-12-29,^NSEBANK,BANK NIFTY,59007.05078125,59140.3984375,58809.55078125,58932.3515625,106900
2025-12-30,^NSEBANK,BANK NIFTY,58885.94921875,59272.69921875,58737.6015625,59171.25,295700
2025-12-31,^NSEBANK,BANK NIFTY,59194.6015625,59766.19921875,59187.1015625,59581.8515625,122600
2026-01-01,^NSEBANK,BANK NIFTY,59674.80078125,59743.19921875,59569.6484375,59711.55078125,71800
2026-01-02,^NSEBANK,BANK NIFTY,59757.3984375,60203.75,59738.25,60150.94921875,250400
2026-01-05,^NSEBANK,BANK NIFTY,60360.3984375,60437.3515625,59859.80078125,60044.19921875,318500
2026-01-06,^NSEBANK,BANK NIFTY,59957.80078125,60305.0,59844.80078125,60118.3984375,295400
2026-01-07,^NSEBANK,BANK NIFTY,60039.69921875,60065.3984375,59760.6484375,59990.8515625,376300
2026-01-08,^NSEBANK,BANK NIFTY,59893.1484375,60112.8515625,59564.80078125,59686.5,312900
2026-01-09,^NSEBANK,BANK NIFTY,59558.1484375,59739.6484375,59154.19921875,59251.55078125,272500
2026-01-12,^NSEBANK,BANK NIFTY,59217.25,59541.1015625,58864.19921875,59450.5,262400
2026-01-13,^NSEBANK,BANK NIFTY,59767.55078125,59767.55078125,59312.05078125,59578.80078125,224200
2026-01-14,^NSEBANK,BANK NIFTY,59330.3515625,59796.6484375,59324.19921875,59580.1484375,341500
2026-01-16,^NSEBANK,BANK NIFTY,59590.3515625,60235.1484375,59510.5,60095.1484375,478100
2026-01-19,^NSEBANK,BANK NIFTY,60093.30078125,60107.5,59594.6015625,59891.3515625,492900
2026-01-20,^NSEBANK,BANK NIFTY,59851.3984375,59993.5,59283.94921875,59404.19921875,396100
2026-01-21,^NSEBANK,BANK NIFTY,59142.0,59447.3515625,58278.6015625,58800.30078125,331700
2026-01-22,^NSEBANK,BANK NIFTY,59194.25,59573.1015625,58823.05078125,59200.1015625,300700
2026-01-23,^NSEBANK,BANK NIFTY,59305.1484375,59400.1484375,58346.25,58473.1015625,323400
2026-01-27,^NSEBANK,BANK NIFTY,58366.05078125,59436.80078125,58121.6015625,59205.44921875,388800
2026-01-28,^NSEBANK,BANK NIFTY,59575.6484375,59699.8984375,59240.1015625,59598.80078125,289300
2026-01-29,^NSEBANK,BANK NIFTY,59416.25,60060.69921875,59339.0,59957.8515625,617400
2026-01-30,^NSEBANK,BANK NIFTY,59542.25,59906.8984375,59501.80078125,59610.44921875,317800
2026-02-02,^NSEBANK,BANK NIFTY,58239.30078125,58687.05078125,57829.8515625,58619.0,282500
2026-02-03,^NSEBANK,BANK NIFTY,61411.19921875,61764.8515625,59793.19921875,60041.30078125,368300
2026-02-04,^NSEBANK,BANK NIFTY,60163.3515625,60389.3984375,59891.75,60238.1484375,255600
2026-02-05,^NSEBANK,BANK NIFTY,60315.3515625,60328.30078125,59881.05078125,60063.6484375,200
2026-02-06,^NSEBANK,BANK NIFTY,59967.1015625,60149.8984375,59644.55078125,60120.55078125,204800
2026-02-09,^NSEBANK,BANK NIFTY,60805.19921875,60876.19921875,60495.69921875,60669.3515625,263400
2026-02-10,^NSEBANK,BANK NIFTY,60740.80078125,60797.55078125,60531.55078125,60626.3984375,215900
2026-02-11,^NSEBANK,BANK NIFTY,60670.25,60779.94921875,60444.6484375,60745.3515625,235100
2026-02-12,^NSEBANK,BANK NIFTY,60786.1484375,60864.3984375,60597.6484375,60739.75,267000
2026-02-13,^NSEBANK,BANK NIFTY,60504.3984375,60621.8984375,60073.55078125,60186.6484375,236600
2026-02-16,^NSEBANK,BANK NIFTY,59947.80078125,61011.30078125,59861.1015625,60949.1015625,168600
2026-02-17,^NSEBANK,BANK NIFTY,60821.1484375,61241.6015625,60560.0,61174.0,264000
2026-02-18,^NSEBANK,BANK NIFTY,61255.3515625,61596.8515625,61100.8984375,61550.80078125,218100
2026-02-19,^NSEBANK,BANK NIFTY,61660.8515625,61678.80078125,60592.8984375,60739.55078125,190600
2026-02-20,^NSEBANK,BANK NIFTY,60627.8515625,61360.5,60562.3515625,61172.0,219800
2026-02-23,^NSEBANK,BANK NIFTY,61145.55078125,61517.80078125,61029.1484375,61264.25,841900
2026-02-24,^NSEBANK,BANK NIFTY,61392.1015625,61435.6484375,60801.8515625,61047.30078125,587700
2026-02-25,^NSEBANK,BANK NIFTY,61175.05078125,61317.55078125,60816.75,61043.3515625,321600
2026-02-26,^NSEBANK,BANK NIFTY,61193.8984375,61284.75,60813.30078125,61187.69921875,602700
2026-02-27,^NSEBANK,BANK NIFTY,61057.44921875,61086.44921875,60438.94921875,60529.0,369200
2026-03-02,^NSEBANK,BANK NIFTY,59204.30078125,60177.5,59148.0,59839.6484375,387100
2026-03-04,^NSEBANK,BANK NIFTY,58447.1484375,59058.3984375,58393.55078125,58755.25,363100
2026-03-05,^NSEBANK,BANK NIFTY,59008.25,59274.3515625,58506.3984375,59055.8515625,273500
2026-03-06,^NSEBANK,BANK NIFTY,58629.6015625,58807.1484375,57696.3984375,57783.25,256900
2026-03-09,^NSEBANK,BANK NIFTY,56121.3984375,56274.1484375,55270.6015625,56019.80078125,374100
2026-03-10,^NSEBANK,BANK NIFTY,56583.8515625,57097.05078125,56387.19921875,56950.80078125,346800
2026-03-11,^NSEBANK,BANK NIFTY,56790.3984375,56938.3984375,55631.94921875,55735.75,261000
2026-03-12,^NSEBANK,BANK NIFTY,55008.19921875,55636.94921875,54760.55078125,55100.94921875,311300
2026-03-13,^NSEBANK,BANK NIFTY,54592.05078125,54713.75,53675.69921875,53757.8515625,327500
2026-03-16,^NSEBANK,BANK NIFTY,53721.5,54664.1484375,53258.1484375,54413.3984375,390200
2026-03-17,^NSEBANK,BANK NIFTY,54649.1015625,54996.0,54113.1484375,54876.0,277100
2026-03-18,^NSEBANK,BANK NIFTY,54927.05078125,55554.1484375,54689.1015625,55326.05078125,223200
2026-03-19,^NSEBANK,BANK NIFTY,53474.55078125,54150.30078125,53240.6015625,53451.0,395300
2026-03-20,^NSEBANK,BANK NIFTY,53548.19921875,54382.44921875,53297.55078125,53427.05078125,403500
2026-03-23,^NSEBANK,BANK NIFTY,52576.1015625,52665.30078125,51323.6015625,51437.75,397300
2026-03-24,^NSEBANK,BANK NIFTY,52384.80078125,52949.1484375,51827.5,52605.6484375,340600
2026-03-25,^NSEBANK,BANK NIFTY,53024.75,54146.1484375,53024.75,53708.1015625,348600
2026-03-27,^NSEBANK,BANK NIFTY,53244.25,53292.5,52211.19921875,52274.6015625,653000
2026-03-30,^NSEBANK,BANK NIFTY,51527.8984375,51624.5,50105.25,50275.3515625,564900
2026-04-01,^NSEBANK,BANK NIFTY,51433.8984375,52025.8515625,51133.55078125,51448.6484375,370100
2026-04-02,^NSEBANK,BANK NIFTY,50625.6484375,51731.94921875,49954.8515625,51548.75,339200
2026-04-06,^NSEBANK,BANK NIFTY,51747.6015625,52704.55078125,51111.1015625,52609.1015625,355000
2026-04-07,^NSEBANK,BANK NIFTY,52258.69921875,52778.19921875,51868.44921875,52716.25,279700
2026-04-08,^NSEBANK,BANK NIFTY,54904.44921875,55778.25,54797.5,55703.8984375,443600
2026-04-09,^NSEBANK,BANK NIFTY,55505.94921875,55583.1015625,54626.8515625,54821.69921875,298800
2026-04-10,^NSEBANK,BANK NIFTY,55182.25,55978.5,55145.25,55912.75,281000
2026-04-13,^NSEBANK,BANK NIFTY,54646.0,55752.6484375,54356.19921875,55605.05078125,303600
2026-04-15,^NSEBANK,BANK NIFTY,56343.44921875,56786.25,56109.19921875,56301.94921875,268000
2026-04-16,^NSEBANK,BANK NIFTY,56657.25,56834.25,55898.25,56086.3984375,402200
2026-04-17,^NSEBANK,BANK NIFTY,56072.3984375,56628.69921875,55841.6484375,56565.69921875,290600
2026-04-20,^NSEBANK,BANK NIFTY,56704.05078125,57085.1015625,56356.55078125,56582.3515625,596100
2026-04-21,^NSEBANK,BANK NIFTY,56823.6015625,57456.30078125,56696.30078125,57371.44921875,281400
2026-04-22,^NSEBANK,BANK NIFTY,57163.3515625,57438.19921875,57002.1484375,57124.44921875,261900
2026-04-23,^NSEBANK,BANK NIFTY,56608.94921875,56868.69921875,56217.1484375,56305.0,336300
2026-04-24,^NSEBANK,BANK NIFTY,56170.19921875,56460.5,55750.3984375,56089.75,241200
2026-04-27,^NSEBANK,BANK NIFTY,56162.6015625,56474.94921875,55911.1015625,56264.30078125,235500
2026-04-28,^NSEBANK,BANK NIFTY,55862.5,56138.05078125,55263.75,55400.3515625,292600
2026-04-29,^NSEBANK,BANK NIFTY,55634.5,56178.75,55290.5,55403.6015625,313100
2026-04-30,^NSEBANK,BANK NIFTY,54880.6484375,55111.6015625,54440.25,54863.3515625,299000
2026-05-04,^NSEBANK,BANK NIFTY,54937.8984375,55602.30078125,54723.5,54878.5,282600
2026-05-05,^NSEBANK,BANK NIFTY,54691.30078125,54888.55078125,54221.6484375,54547.05078125,379800
2026-05-06,^NSEBANK,BANK NIFTY,55113.3984375,56078.80078125,54587.19921875,55981.05078125,653300
2026-05-07,^NSEBANK,BANK NIFTY,56114.0,56334.1484375,55783.19921875,56047.3984375,463500
2026-05-08,^NSEBANK,BANK NIFTY,55783.94921875,55797.69921875,55062.5,55310.55078125,429500
2026-05-11,^NSEBANK,BANK NIFTY,54832.44921875,55002.44921875,54360.69921875,54439.8984375,486800
2026-05-12,^NSEBANK,BANK NIFTY,54178.3984375,54365.44921875,53457.5,53555.19921875,364400
2026-05-13,^NSEBANK,BANK NIFTY,53600.3984375,54103.8984375,53194.25,53456.1484375,305900
2026-05-14,^NSEBANK,BANK NIFTY,53639.5,54393.75,53191.6015625,54128.94921875,311800
2026-05-15,^NSEBANK,BANK NIFTY,54207.75,54325.44921875,53628.30078125,53710.3515625,315100
2026-05-18,^NSEBANK,BANK NIFTY,53282.1484375,53667.55078125,52783.44921875,53537.0,311800
2026-05-19,^NSEBANK,BANK NIFTY,53553.75,53770.6484375,53337.05078125,53409.1484375,267800
2026-05-20,^NSEBANK,BANK NIFTY,53015.69921875,53640.8984375,52836.1015625,53562.19921875,221400
2026-05-21,^NSEBANK,BANK NIFTY,53963.1015625,54109.1484375,53156.1484375,53439.3984375,285500
2026-05-22,^NSEBANK,BANK NIFTY,53483.8515625,54213.05078125,53483.55078125,54055.3515625,229300
2026-05-25,^NSEBANK,BANK NIFTY,54610.55078125,55405.19921875,54590.69921875,55293.6484375,262400
2026-05-26,^NSEBANK,BANK NIFTY,55311.80078125,55536.80078125,54979.75,55092.8984375,321300
2026-05-27,^NSEBANK,BANK NIFTY,54992.94921875,55221.69921875,54738.6015625,54853.8515625,268100
2026-05-29,^NSEBANK,BANK NIFTY,54748.30078125,55184.44921875,54116.1484375,54239.19921875,1042600
2026-06-01,^NSEBANK,BANK NIFTY,54403.8515625,54582.75,53470.0,53643.1015625,322900
2026-06-02,^NSEBANK,BANK NIFTY,53265.1015625,53933.55078125,53121.8515625,53714.6484375,406400
2026-06-03,^NSEBANK,BANK NIFTY,53541.1015625,54299.3515625,53027.1484375,54185.94921875,339100
2026-06-04,^NSEBANK,BANK NIFTY,53918.8515625,54461.0,53829.3984375,54307.8515625,273700
2026-06-05,^NSEBANK,BANK NIFTY,54405.19921875,54865.5,54140.6015625,54496.25,369000
2026-06-08,^NSEBANK,BANK NIFTY,53853.44921875,54455.19921875,53843.30078125,54063.75,299400
2026-06-09,^NSEBANK,BANK NIFTY,54265.0,55318.3515625,54242.30078125,55194.5,409700
2026-06-10,^NSEBANK,BANK NIFTY,55110.5,55555.8515625,55026.1484375,55100.30078125,343200
2026-06-11,^NSEBANK,BANK NIFTY,54779.6484375,55600.1484375,54753.1484375,55176.75,339400
2026-06-12,^NSEBANK,BANK NIFTY,55934.1015625,56867.1015625,55726.55078125,56814.80078125,337400
2026-06-15,^NSEBANK,BANK NIFTY,57679.6484375,57804.5,57119.19921875,57198.80078125,350700
2026-06-16,^NSEBANK,BANK NIFTY,57320.1015625,57399.69921875,57076.25,57297.1484375,375400
2026-06-17,^NSEBANK,BANK NIFTY,57434.05078125,57646.1484375,57222.3984375,57585.05078125,583400
2026-06-18,^NSEBANK,BANK NIFTY,57596.44921875,58021.25,57583.19921875,57963.80078125,409600
2026-06-19,^NSEBANK,BANK NIFTY,57754.94921875,57804.8984375,57464.55078125,57685.75,285800
2026-06-22,^NSEBANK,BANK NIFTY,57906.8984375,58009.1015625,57720.1015625,57935.6015625,293500
2026-06-23,^NSEBANK,BANK NIFTY,57886.75,57970.8984375,57078.44921875,57183.75,267200
2026-06-24,^NSEBANK,BANK NIFTY,57074.8984375,58256.3515625,57074.8984375,58150.3515625,283200
2026-06-25,^NSEBANK,BANK NIFTY,58493.8515625,58706.05078125,58109.8515625,58177.05078125,296500
2026-06-29,^NSEBANK,BANK NIFTY,58191.44921875,58318.05078125,57637.25,57727.3515625,529800
2026-06-30,^NSEBANK,BANK NIFTY,58011.94921875,58011.94921875,57456.6484375,57542.8984375,398700
2026-07-01,^NSEBANK,BANK NIFTY,57573.3515625,58134.1484375,57487.8515625,58033.05078125,260500
2026-07-02,^NSEBANK,BANK NIFTY,58134.5,58396.1015625,57884.6015625,58031.6484375,273300
2026-07-03,^NSEBANK,BANK NIFTY,58343.25,58343.25,57799.05078125,57938.5,326300
2026-07-06,^NSEBANK,BANK NIFTY,57983.8984375,58477.30078125,57938.6484375,58291.5,284400
2026-07-07,^NSEBANK,BANK NIFTY,58567.8515625,58581.1015625,58110.1015625,58200.69921875,261900
2026-07-08,^NSEBANK,BANK NIFTY,57918.25,58075.6015625,56549.3984375,56742.6015625,304900
2026-07-09,^NSEBANK,BANK NIFTY,56871.0,57464.19921875,56867.30078125,57252.44921875,231600
2026-07-10,^NSEBANK,BANK NIFTY,57592.5,58251.94921875,57576.69921875,58045.8984375,235600
2026-07-13,^NSEBANK,BANK NIFTY,57616.69921875,58219.8984375,57492.05078125,58131.44921875,210300
2026-07-14,^NSEBANK,BANK NIFTY,57832.55078125,57840.05078125,57286.8984375,57462.30078125,206800
2026-07-15,^NSEBANK,BANK NIFTY,57643.75,58148.80078125,57545.19921875,57757.8515625,231000
2026-07-16,^NSEBANK,BANK NIFTY,57831.1015625,57931.30078125,57420.1484375,57582.25,171400
2026-07-17,^NSEBANK,BANK NIFTY,57662.0,58596.8515625,57542.1484375,58521.3984375,251900
2026-07-20,^NSEBANK,BANK NIFTY,57738.25,58111.0,57533.1015625,57945.0,540500
2026-07-21,^NSEBANK,BANK NIFTY,57853.75,58228.6484375,57803.8515625,57835.3515625,312600
2026-07-22,^NSEBANK,BANK NIFTY,57768.3984375,57824.0,56970.6015625,57126.80078125,308500
2026-07-23,^NSEBANK,BANK NIFTY,56796.94921875,56930.1484375,56374.75,56592.0,194900
2026-07-24,^NSEBANK,BANK NIFTY,56169.3984375,56831.44921875,56023.6015625,56693.5,218000
2026-07-27,^NSEBANK,BANK NIFTY,57116.80078125,57330.05078125,56928.6484375,57087.19921875,398400
2026-07-28,^NSEBANK,BANK NIFTY,56883.55078125,57054.19921875,56672.3984375,56755.6015625,282600
2026-07-29,^NSEBANK,BANK NIFTY,57126.6015625,57315.94921875,56939.3515625,57205.8984375,176200
2026-07-30,^NSEBANK,BANK NIFTY,57127.05078125,57236.6484375,56768.6015625,57147.5,202900
2026-07-31,^NSEBANK,BANK NIFTY,57225.8984375,57411.25,57139.6015625,57264.8515625,158800
2026-08-03,^NSEBANK,BANK NIFTY,57569.6015625,58247.94921875,57465.94921875,58247.94921875,152700
2026-08-04,^NSEBANK,BANK NIFTY,58068.94921875,58068.94921875,57352.6484375,57907.19921875,168700
2026-08-05,^NSEBANK,BANK NIFTY,57810.05078125,57931.8515625,57456.3515625,57739.94921875,240400
2026-08-06,^NSEBANK,BANK NIFTY,57815.0,58076.8515625,57714.69921875,58063.6484375,211700
2026-08-07,^NSEBANK,BANK NIFTY,57882.0,57994.44921875,57686.55078125,57746.44921875,180000
2026-08-10,^NSEBANK,BANK NIFTY,57812.30078125,58015.8515625,57527.75,57686.94921875,172000
2026-08-11,^NSEBANK,BANK NIFTY,57604.3515625,57607.25,57158.1015625,57446.25,162300
2026-08-12,^NSEBANK,BANK NIFTY,57391.80078125,57885.8515625,57254.0,57885.8515625,269700
2026-08-13,^NSEBANK,BANK NIFTY,57799.1484375,57799.1484375,57548.6015625,57635.25,144700
2026-08-14,^NSEBANK,BANK NIFTY,57589.75,57681.44921875,57380.44921875,57491.1015625,144900
2026-08-17,^NSEBANK,BANK NIFTY,57418.30078125,57757.25,57119.6015625,57497.80078125,155600
2026-08-18,^NSEBANK,BANK NIFTY,57325.55078125,57584.69921875,57217.6015625,57262.3984375,129700
2026-08-19,^NSEBANK,BANK NIFTY,57260.6484375,57356.8515625,57001.75,57239.75,139400
2026-08-20,^NSEBANK,BANK NIFTY,57507.6484375,57702.94921875,57431.80078125,57495.8984375,135300
2026-08-21,^NSEBANK,BANK NIFTY,57613.19921875,57772.44921875,57481.55078125,57761.94921875,147500
2026-08-24,^NSEBANK,BANK NIFTY,57828.1484375,57873.75,57245.94921875,57525.94921875,148600
2026-08-25,^NSEBANK,BANK NIFTY,57360.6484375,57653.8515625,57231.25,57514.19921875,0
2026-08-25,NIFTY_FIN_SERVICE.NS,FIN NIFTY,26092.0,26246.94921875,26034.150390625,26246.94921875,0
2024-08-26,^CNXIT,NIFTY IT,41343.44921875,41820.8984375,41319.05078125,41662.1015625,21200
2024-08-27,^CNXIT,NIFTY IT,41696.8515625,41936.69921875,41589.8515625,41709.25,14800
2024-08-28,^CNXIT,NIFTY IT,41792.8984375,42717.1484375,41594.8984375,42394.3984375,37800
2024-08-29,^CNXIT,NIFTY IT,42191.1015625,42790.30078125,42151.5,42591.6484375,31500
2024-08-30,^CNXIT,NIFTY IT,42644.1015625,42913.94921875,42455.1015625,42787.80078125,38100
2024-09-02,^CNXIT,NIFTY IT,42864.8515625,43299.5,42847.80078125,42975.6015625,22600
2024-09-03,^CNXIT,NIFTY IT,42953.1015625,43194.55078125,42746.75,42851.30078125,20100
2024-09-04,^CNXIT,NIFTY IT,42315.69921875,42498.44921875,42023.5,42450.5,22900
2024-09-05,^CNXIT,NIFTY IT,42578.1484375,42766.05078125,42294.55078125,42644.6484375,17700
2024-09-06,^CNXIT,NIFTY IT,42607.8515625,42983.6015625,42167.1484375,42228.8984375,22500
2024-09-09,^CNXIT,NIFTY IT,42104.05078125,42431.6484375,41809.6484375,41919.05078125,18600
2024-09-10,^CNXIT,NIFTY IT,42128.30078125,42937.44921875,42055.8515625,42644.19921875,21600
2024-09-11,^CNXIT,NIFTY IT,42710.1484375,42984.19921875,42406.1484375,42473.30078125,15900
2024-09-12,^CNXIT,NIFTY IT,42836.5,43265.25,42449.05078125,43152.1015625,26400
2024-09-13,^CNXIT,NIFTY IT,43244.19921875,43571.6484375,42989.3984375,43394.3515625,28000
2024-09-16,^CNXIT,NIFTY IT,43457.3984375,43583.1484375,43286.80078125,43352.6484375,11500
2024-09-17,^CNXIT,NIFTY IT,43294.44921875,43645.8984375,43133.55078125,43415.0,12500
2024-09-18,^CNXIT,NIFTY IT,43222.44921875,43222.44921875,41814.3984375,42089.30078125,27100
2024-09-19,^CNXIT,NIFTY IT,42551.0,42850.44921875,41670.80078125,41945.6015625,32400
2024-09-20,^CNXIT,NIFTY IT,42186.8515625,42375.19921875,41614.25,42204.3984375,39800
2024-09-23,^CNXIT,NIFTY IT,42288.3515625,42378.5,41785.1484375,41987.44921875,14000
2024-09-24,^CNXIT,NIFTY IT,41863.3515625,42403.8984375,41691.3984375,42243.94921875,21800
2024-09-25,^CNXIT,NIFTY IT,42128.1484375,42222.8515625,41645.8515625,41960.94921875,17300
2024-09-26,^CNXIT,NIFTY IT,42033.8984375,42345.3984375,41982.8515625,42160.8984375,27100
2024-09-27,^CNXIT,NIFTY IT,42738.55078125,43377.94921875,42270.55078125,42312.6015625,46500
2024-09-30,^CNXIT,NIFTY IT,42045.55078125,42275.3984375,41853.25,41946.1015625,20900
2024-10-01,^CNXIT,NIFTY IT,41916.30078125,42470.5,41916.30078125,42434.80078125,19500
2024-10-03,^CNXIT,NIFTY IT,41978.44921875,42325.8515625,41631.5,41762.6015625,26100
2024-10-04,^CNXIT,NIFTY IT,41682.94921875,42566.1484375,41682.94921875,41912.5,28100
2024-10-07,^CNXIT,NIFTY IT,42134.6484375,42491.8515625,41760.1015625,42190.6015625,22000
2024-10-08,^CNXIT,NIFTY IT,42275.25,42445.25,41639.44921875,42387.55078125,18400
2024-10-09,^CNXIT,NIFTY IT,42524.69921875,42920.55078125,42498.55078125,42622.75,16700
2024-10-10,^CNXIT,NIFTY IT,42801.05078125,42880.3984375,42012.3515625,42088.80078125,19800
2024-10-11,^CNXIT,NIFTY IT,41770.5,42567.19921875,41734.19921875,42335.69921875,20800
2024-10-14,^CNXIT,NIFTY IT,42383.25,42985.1015625,42357.75,42872.75,28300
2024-10-15,^CNXIT,NIFTY IT,42917.6484375,43329.5,42572.80078125,42731.30078125,29400
2024-10-16,^CNXIT,NIFTY IT,42605.3515625,42691.1484375,42168.69921875,42230.69921875,17100
2024-10-17,^CNXIT,NIFTY IT,42455.6015625,42900.44921875,42369.80078125,42734.3515625,35400
2024-10-18,^CNXIT,NIFTY IT,42216.8984375,42579.75,41838.0,42106.5,58500
2024-10-21,^CNXIT,NIFTY IT,42426.44921875,42609.05078125,41481.55078125,41562.69921875,28100
2024-10-22,^CNXIT,NIFTY IT,41556.3515625,41850.6015625,41155.8515625,41238.80078125,21800
2024-10-23,^CNXIT,NIFTY IT,41168.3984375,42530.94921875,41151.3515625,42222.1015625,27400
2024-10-24,^CNXIT,NIFTY IT,41929.25,42379.6015625,41926.8515625,42139.8515625,16300
2024-10-25,^CNXIT,NIFTY IT,42235.30078125,42366.1484375,41874.55078125,42038.8515625,19000
2024-10-28,^CNXIT,NIFTY IT,42012.6015625,42401.30078125,41963.30078125,42205.3984375,19200
2024-10-29,^CNXIT,NIFTY IT,42167.55078125,42210.8984375,41746.6015625,42031.44921875,16300
2024-10-30,^CNXIT,NIFTY IT,41975.3515625,42164.3515625,41572.1015625,41668.6015625,22800
2024-10-31,^CNXIT,NIFTY IT,41501.94921875,41501.94921875,40191.94921875,40407.55078125,29400
2024-11-01,^CNXIT,NIFTY IT,40568.6484375,40646.69921875,40366.5,40433.6484375,2200
2024-11-04,^CNXIT,NIFTY IT,40202.25,40472.44921875,39975.0,40421.80078125,21800
2024-11-05,^CNXIT,NIFTY IT,40345.44921875,40658.25,40225.19921875,40424.6015625,11900
2024-11-06,^CNXIT,NIFTY IT,40770.6015625,42105.5,40675.05078125,42039.5,34500
2024-11-07,^CNXIT,NIFTY IT,42151.5,42369.6484375,41348.75,41752.3984375,19600
2024-11-08,^CNXIT,NIFTY IT,41938.80078125,42306.69921875,41840.69921875,42050.1484375,21700
2024-11-11,^CNXIT,NIFTY IT,41991.3515625,42798.1484375,41793.6484375,42590.30078125,18100
2024-11-12,^CNXIT,NIFTY IT,42846.0,42884.6015625,42462.05078125,42609.55078125,18300
2024-11-13,^CNXIT,NIFTY IT,42484.44921875,42659.69921875,42201.3984375,42369.5,15000
2024-11-14,^CNXIT,NIFTY IT,42318.75,42633.0,42162.80078125,42390.8515625,16600
2024-11-18,^CNXIT,NIFTY IT,42442.8515625,42442.8515625,41035.3984375,41406.55078125,21800
2024-11-19,^CNXIT,NIFTY IT,41534.6015625,42447.6484375,41534.6015625,41748.3515625,18800
2024-11-21,^CNXIT,NIFTY IT,41928.8984375,42325.8515625,41678.19921875,41952.80078125,19200
2024-11-22,^CNXIT,NIFTY IT,42229.19921875,43436.1484375,41983.55078125,43332.1015625,24600
2024-11-25,^CNXIT,NIFTY IT,43697.8515625,43751.6484375,43337.6015625,43618.1484375,42000
2024-11-26,^CNXIT,NIFTY IT,43763.19921875,44244.6015625,43699.44921875,44085.94921875,21700
2024-11-27,^CNXIT,NIFTY IT,44132.5,44330.6015625,43980.1484375,44018.69921875,18100
2024-11-28,^CNXIT,NIFTY IT,43948.0,44013.1015625,42864.80078125,42968.75,24100
2024-11-29,^CNXIT,NIFTY IT,42873.80078125,43468.94921875,42738.75,43146.25,16700
2024-12-02,^CNXIT,NIFTY IT,43171.75,43578.0,42860.80078125,43547.0,14500
2024-12-03,^CNXIT,NIFTY IT,43794.69921875,43811.5,43404.0,43754.94921875,28300
2024-12-04,^CNXIT,NIFTY IT,43761.1484375,44225.55078125,43585.05078125,43949.25,28900
2024-12-05,^CNXIT,NIFTY IT,44174.80078125,45027.94921875,44023.8984375,44806.3984375,34800
2024-12-06,^CNXIT,NIFTY IT,44780.44921875,44852.30078125,44519.69921875,44716.05078125,17900
2024-12-09,^CNXIT,NIFTY IT,44648.30078125,44913.30078125,44477.1484375,44832.0,19500
2024-12-10,^CNXIT,NIFTY IT,44848.5,45377.75,44824.1484375,45199.75,32300
2024-12-11,^CNXIT,NIFTY IT,45238.80078125,45398.94921875,45046.6015625,45350.3515625,19400
2024-12-12,^CNXIT,NIFTY IT,45409.69921875,46002.6484375,45375.5,45701.6484375,29300
2024-12-13,^CNXIT,NIFTY IT,45496.94921875,46088.8984375,45073.5,45995.80078125,20500
2024-12-16,^CNXIT,NIFTY IT,45937.1015625,46005.19921875,45536.8515625,45653.6015625,15600
2024-12-17,^CNXIT,NIFTY IT,45576.1484375,45759.6484375,45213.8515625,45413.75,24200
2024-12-18,^CNXIT,NIFTY IT,45293.05078125,45693.0,45237.30078125,45526.8515625,21600
2024-12-19,^CNXIT,NIFTY IT,44493.44921875,45265.94921875,44434.1015625,44954.19921875,27800
2024-12-20,^CNXIT,NIFTY IT,45513.3515625,45647.30078125,43663.05078125,43771.05078125,47400
2024-12-23,^CNXIT,NIFTY IT,44011.5,44267.3984375,43643.94921875,43828.3515625,16400
2024-12-24,^CNXIT,NIFTY IT,43897.0,44203.05078125,43262.1015625,43668.8984375,15500
2024-12-26,^CNXIT,NIFTY IT,43708.19921875,43851.0,43420.8984375,43664.25,14300
2024-12-27,^CNXIT,NIFTY IT,43707.0,43863.6484375,43546.05078125,43721.3984375,15700
2024-12-30,^CNXIT,NIFTY IT,43674.05078125,44175.5,43259.80078125,43971.44921875,41600
2024-12-31,^CNXIT,NIFTY IT,43622.3984375,43659.6484375,42574.44921875,43337.80078125,19800
2025-01-01,^CNXIT,NIFTY IT,43290.6484375,43568.5,43249.80078125,43373.1015625,12800
2025-01-02,^CNXIT,NIFTY IT,43401.6484375,44420.94921875,43325.8984375,44351.75,23700
2025-01-03,^CNXIT,NIFTY IT,44334.1484375,44337.1484375,43554.94921875,43726.55078125,27300
2025-01-06,^CNXIT,NIFTY IT,43961.6484375,44331.1015625,43401.69921875,43674.8515625,22700
2025-01-07,^CNXIT,NIFTY IT,43836.3515625,44112.05078125,43293.6484375,43375.8515625,20000
2025-01-08,^CNXIT,NIFTY IT,43333.8984375,43725.94921875,42735.55078125,43634.25,20100
2025-01-09,^CNXIT,NIFTY IT,43606.30078125,43838.6484375,43032.44921875,43126.44921875,21900
2025-01-10,^CNXIT,NIFTY IT,43731.5,44798.6484375,43731.5,44609.5,46400
2025-01-13,^CNXIT,NIFTY IT,44390.6015625,44655.69921875,43927.3984375,43999.1015625,28700
2025-01-14,^CNXIT,NIFTY IT,43996.6015625,44007.55078125,42916.75,43061.19921875,38300
2025-01-15,^CNXIT,NIFTY IT,43190.80078125,43447.69921875,42976.30078125,43401.25,16600
2025-01-16,^CNXIT,NIFTY IT,43696.44921875,44012.3515625,43095.0,43188.8515625,31300
2025-01-17,^CNXIT,NIFTY IT,42469.0,42495.05078125,41962.6484375,42032.19921875,34600
2025-01-20,^CNXIT,NIFTY IT,42377.3515625,42478.5,41709.55078125,42192.80078125,54700
2025-01-21,^CNXIT,NIFTY IT,42288.55078125,42536.69921875,41639.0,41697.94921875,32700
2025-01-22,^CNXIT,NIFTY IT,41755.19921875,42635.3515625,41750.19921875,42590.69921875,49400
2025-01-23,^CNXIT,NIFTY IT,42750.44921875,43663.44921875,42741.19921875,43351.75,60000
2025-01-24,^CNXIT,NIFTY IT,43220.44921875,43959.1484375,43217.5,43524.1015625,36100
2025-01-27,^CNXIT,NIFTY IT,42986.8984375,43245.94921875,41961.1484375,42060.69921875,29700
2025-01-28,^CNXIT,NIFTY IT,42097.05078125,42463.1484375,41731.25,41820.6484375,31300
2025-01-29,^CNXIT,NIFTY IT,42052.0,42968.3984375,42051.55078125,42914.5,29700
2025-01-30,^CNXIT,NIFTY IT,42893.80078125,43025.8515625,42117.3515625,42426.6484375,24800
2025-01-31,^CNXIT,NIFTY IT,42586.1015625,42967.75,42486.80078125,42662.75,27500
2025-02-03,^CNXIT,NIFTY IT,41592.19921875,42375.25,41328.25,42314.25,27100
2025-02-04,^CNXIT,NIFTY IT,42642.75,42931.1015625,42407.3515625,42860.19921875,32200
2025-02-05,^CNXIT,NIFTY IT,43060.6484375,43250.75,42818.1015625,42888.30078125,21900
2025-02-06,^CNXIT,NIFTY IT,43197.30078125,43431.80078125,42838.1484375,43020.94921875,26500
2025-02-07,^CNXIT,NIFTY IT,43106.1484375,43133.3515625,42623.44921875,42921.6484375,19200
2025-02-10,^CNXIT,NIFTY IT,42956.44921875,42973.6484375,42511.25,42596.55078125,21600
2025-02-11,^CNXIT,NIFTY IT,42616.8984375,42790.25,41866.6015625,41968.30078125,21500
2025-02-12,^CNXIT,NIFTY IT,42039.5,42263.05078125,41591.19921875,41733.0,23600
2025-02-13,^CNXIT,NIFTY IT,41787.0,41944.69921875,41182.3984375,41315.55078125,21300
2025-02-14,^CNXIT,NIFTY IT,41547.05078125,41606.75,40958.0,41311.1484375,18600
2025-02-17,^CNXIT,NIFTY IT,40968.80078125,41254.8984375,40592.5,41073.19921875,17400
2025-02-18,^CNXIT,NIFTY IT,41097.44921875,41530.30078125,41039.25,41464.3515625,23200
2025-02-19,^CNXIT,NIFTY IT,41373.5,41403.25,40785.05078125,40924.25,20800
2025-02-20,^CNXIT,NIFTY IT,40725.3984375,41004.8515625,40701.1015625,40865.94921875,17400
2025-02-21,^CNXIT,NIFTY IT,40821.6484375,40905.3984375,40417.44921875,40544.55078125,18400
2025-02-24,^CNXIT,NIFTY IT,40100.25,40186.5,39306.69921875,39446.6015625,32200
2025-02-25,^CNXIT,NIFTY IT,39085.6015625,39518.19921875,39066.3984375,39131.30078125,24900
2025-02-27,^CNXIT,NIFTY IT,38971.6015625,39237.69921875,38742.8984375,38946.6484375,31400
2025-02-28,^CNXIT,NIFTY IT,38620.69921875,38642.0,37167.30078125,37318.30078125,50700
2025-03-03,^CNXIT,NIFTY IT,37408.6484375,37930.1484375,37369.69921875,37614.44921875,30400
2025-03-04,^CNXIT,NIFTY IT,37228.80078125,37537.19921875,36797.3984375,37276.94921875,26600
2025-03-05,^CNXIT,NIFTY IT,37287.25,38381.75,37287.25,38072.30078125,31500
2025-03-06,^CNXIT,NIFTY IT,38226.1015625,38347.1015625,37912.0,38145.30078125,30200
2025-03-07,^CNXIT,NIFTY IT,38028.1484375,38048.3515625,37625.05078125,37820.44921875,22900
2025-03-10,^CNXIT,NIFTY IT,37791.6015625,38037.30078125,37564.3984375,37644.3984375,20500
2025-03-11,^CNXIT,NIFTY IT,37185.25,37500.80078125,36826.8984375,37400.1015625,28500
2025-03-12,^CNXIT,NIFTY IT,37181.8515625,37201.55078125,35828.80078125,36310.6484375,44900
2025-03-13,^CNXIT,NIFTY IT,36378.19921875,36592.94921875,35948.25,36122.5,23400
2025-03-17,^CNXIT,NIFTY IT,35828.05078125,36170.25,35828.05078125,36137.19921875,29600
2025-03-18,^CNXIT,NIFTY IT,36242.1484375,36681.1484375,36008.8515625,36619.3515625,29900
2025-03-19,^CNXIT,NIFTY IT,36581.6484375,36581.6484375,35804.6015625,36223.5,36900
2025-03-20,^CNXIT,NIFTY IT,36444.55078125,37109.8515625,36444.55078125,36676.6484375,37100
2025-03-21,^CNXIT,NIFTY IT,35942.5,37033.8984375,35674.3984375,36702.80078125,53100
2025-03-24,^CNXIT,NIFTY IT,36944.8984375,37469.8515625,36539.94921875,37217.05078125,27900
2025-03-25,^CNXIT,NIFTY IT,37542.3984375,38073.05078125,37406.0,37706.8984375,36100
2025-03-26,^CNXIT,NIFTY IT,37719.44921875,37929.3984375,37216.6015625,37336.69921875,23500
2025-03-27,^CNXIT,NIFTY IT,37168.1484375,37627.6015625,37160.0,37548.30078125,35100
2025-03-28,^CNXIT,NIFTY IT,37376.6015625,37540.80078125,36767.25,36886.1484375,28900
2025-04-01,^CNXIT,NIFTY IT,36422.8515625,36538.6015625,35890.3984375,35980.6484375,31000
2025-04-02,^CNXIT,NIFTY IT,36024.44921875,36368.8515625,35970.69921875,36283.5,21600
2025-04-03,^CNXIT,NIFTY IT,35676.44921875,35686.55078125,34642.3984375,34757.25,38300
2025-04-04,^CNXIT,NIFTY IT,34224.6015625,34361.6484375,33418.6484375,33511.44921875,42300
2025-04-07,^CNXIT,NIFTY IT,31307.94921875,32835.1015625,30918.94921875,32668.80078125,56200
2025-04-08,^CNXIT,NIFTY IT,33232.3984375,33742.8515625,32859.05078125,33244.3984375,42300
2025-04-09,^CNXIT,NIFTY IT,32710.25,32762.30078125,32200.25,32517.349609375,41900
2025-04-11,^CNXIT,NIFTY IT,32926.6484375,33210.80078125,32526.0,32740.849609375,41400
2025-04-15,^CNXIT,NIFTY IT,33504.1484375,33520.6484375,32932.94921875,33275.30078125,31500
2025-04-16,^CNXIT,NIFTY IT,33215.94921875,33387.44921875,32867.94921875,33295.5,35800
2025-04-17,^CNXIT,NIFTY IT,32832.6484375,33471.55078125,32470.94921875,33372.3515625,82800
2025-04-21,^CNXIT,NIFTY IT,33299.6015625,34528.55078125,33283.8515625,34135.05078125,100
2025-04-22,^CNXIT,NIFTY IT,34075.6015625,34130.30078125,33789.1484375,33941.05078125,37700
2025-04-23,^CNXIT,NIFTY IT,34700.1015625,35522.75,34648.44921875,35414.6484375,71800
2025-04-24,^CNXIT,NIFTY IT,35463.6015625,35572.0,35197.30078125,35307.1015625,43600
2025-04-25,^CNXIT,NIFTY IT,35487.30078125,35941.44921875,35068.1484375,35562.25,46200
2025-04-28,^CNXIT,NIFTY IT,35541.55078125,35679.3515625,35089.75,35482.94921875,29000
2025-04-29,^CNXIT,NIFTY IT,35565.75,36157.19921875,35416.8984375,35920.3984375,33700
2025-04-30,^CNXIT,NIFTY IT,35913.69921875,36206.55078125,35440.80078125,35794.94921875,32300
2025-05-02,^CNXIT,NIFTY IT,35868.5,36300.6015625,35637.3984375,35891.8515625,31300
2025-05-05,^CNXIT,NIFTY IT,36042.6015625,36352.3984375,35949.3515625,35991.25,21200
2025-05-06,^CNXIT,NIFTY IT,36129.30078125,36314.19921875,35778.80078125,35869.19921875,21800
2025-05-07,^CNXIT,NIFTY IT,35479.1015625,36042.25,35440.6484375,35920.30078125,24900
2025-05-08,^CNXIT,NIFTY IT,35960.94921875,36240.25,35832.80078125,36002.44921875,30700
2025-05-09,^CNXIT,NIFTY IT,35490.8984375,35929.30078125,35488.3984375,35880.1015625,22100
2025-05-12,^CNXIT,NIFTY IT,36656.6484375,38356.1015625,36600.75,38282.55078125,43200
2025-05-13,^CNXIT,NIFTY IT,38326.3984375,38326.3984375,37304.94921875,37354.6015625,36600
2025-05-14,^CNXIT,NIFTY IT,37480.6015625,37913.80078125,37379.1484375,37853.55078125,22000
2025-05-15,^CNXIT,NIFTY IT,37929.1015625,38377.3515625,37456.75,38293.80078125,37300
2025-05-16,^CNXIT,NIFTY IT,38351.8984375,38351.8984375,37814.8984375,37972.3515625,18000
2025-05-19,^CNXIT,NIFTY IT,37845.6015625,37917.19921875,37429.6015625,37477.80078125,21700
2025-05-20,^CNXIT,NIFTY IT,37722.19921875,38019.05078125,37234.19921875,37283.5,25400
2025-05-21,^CNXIT,NIFTY IT,37418.25,37618.8984375,37112.6015625,37540.1015625,14600
2025-05-22,^CNXIT,NIFTY IT,37246.25,37316.30078125,36868.55078125,37050.1484375,25400
2025-05-23,^CNXIT,NIFTY IT,37108.69921875,37826.3984375,37062.80078125,37403.55078125,17900
2025-05-26,^CNXIT,NIFTY IT,37491.1015625,37819.6484375,37442.8515625,37785.8984375,10600
2025-05-27,^CNXIT,NIFTY IT,37777.8984375,37798.69921875,37323.30078125,37501.44921875,22400
2025-05-28,^CNXIT,NIFTY IT,37751.3984375,37777.5,37440.69921875,37465.75,14900
2025-05-29,^CNXIT,NIFTY IT,37762.1484375,38121.3984375,37585.05078125,37754.1484375,29700
2025-05-30,^CNXIT,NIFTY IT,37646.3984375,37665.44921875,37241.25,37321.75,39500
2025-06-02,^CNXIT,NIFTY IT,37147.8515625,37172.6015625,36770.1484375,37061.8515625,19000
2025-06-03,^CNXIT,NIFTY IT,37199.6484375,37367.3515625,36740.55078125,36814.8984375,24300
2025-06-04,^CNXIT,NIFTY IT,36831.30078125,37088.5,36762.80078125,36938.1015625,20100
2025-06-05,^CNXIT,NIFTY IT,37034.44921875,37408.25,36886.25,37107.94921875,23500
2025-06-06,^CNXIT,NIFTY IT,37134.1484375,37356.30078125,36910.94921875,37294.8515625,15100
2025-06-09,^CNXIT,NIFTY IT,37522.5,37786.25,37445.30078125,37669.19921875,18600
2025-06-10,^CNXIT,NIFTY IT,37871.6015625,38567.75,37825.1484375,38300.0,37600
2025-06-11,^CNXIT,NIFTY IT,38355.5,38834.75,38215.0,38784.30078125,42400
2025-06-12,^CNXIT,NIFTY IT,38732.94921875,38891.05078125,38227.25,38460.30078125,38400
2025-06-13,^CNXIT,NIFTY IT,37769.5,38687.55078125,37722.19921875,38469.25,24700
2025-06-16,^CNXIT,NIFTY IT,38440.8515625,39258.3984375,38369.05078125,39073.05078125,25400
2025-06-17,^CNXIT,NIFTY IT,39123.0,39499.1484375,38977.94921875,39356.1015625,24100
2025-06-18,^CNXIT,NIFTY IT,39220.3515625,39572.5,38963.80078125,39030.8984375,18500
2025-06-19,^CNXIT,NIFTY IT,38945.3515625,38966.80078125,38429.3984375,38664.94921875,30200
2025-06-20,^CNXIT,NIFTY IT,38674.19921875,39041.05078125,38454.05078125,38991.44921875,34000
2025-06-23,^CNXIT,NIFTY IT,38642.1484375,38646.5,38278.69921875,38414.1015625,21900
2025-06-24,^CNXIT,NIFTY IT,38852.6484375,38936.55078125,38380.0,38417.94921875,25900
2025-06-25,^CNXIT,NIFTY IT,38635.0,39109.25,38605.5,39046.30078125,20000
2025-06-26,^CNXIT,NIFTY IT,38996.6484375,39103.3515625,38760.1484375,38996.25,27500
2025-06-27,^CNXIT,NIFTY IT,39125.75,39357.75,38707.1484375,38822.94921875,39100
2025-06-30,^CNXIT,NIFTY IT,38945.8515625,39011.94921875,38652.30078125,38950.0,21000
2025-07-01,^CNXIT,NIFTY IT,39004.6484375,39282.94921875,38725.25,38833.1484375,17400
2025-07-02,^CNXIT,NIFTY IT,39080.30078125,39519.5,38738.8515625,38879.1015625,27500
2025-07-03,^CNXIT,NIFTY IT,39009.8515625,39203.69921875,38803.75,38854.30078125,22500
2025-07-04,^CNXIT,NIFTY IT,38968.1015625,39191.8984375,38784.3984375,39166.55078125,16200
2025-07-07,^CNXIT,NIFTY IT,39146.1484375,39176.6484375,38799.69921875,38866.94921875,14500
2025-07-08,^CNXIT,NIFTY IT,38837.0,39238.19921875,38732.55078125,38983.25,18500
2025-07-09,^CNXIT,NIFTY IT,38986.80078125,38999.75,38540.6484375,38680.8515625,24200
2025-07-10,^CNXIT,NIFTY IT,38713.80078125,38715.19921875,38197.3515625,38376.6484375,22300
2025-07-11,^CNXIT,NIFTY IT,37702.55078125,37990.80078125,37558.1015625,37693.25,40700
2025-07-14,^CNXIT,NIFTY IT,37643.3515625,37664.19921875,37016.1015625,37273.69921875,30900
2025-07-15,^CNXIT,NIFTY IT,37077.0,37664.8984375,37048.94921875,37424.6015625,38900
2025-07-16,^CNXIT,NIFTY IT,37325.69921875,37758.5,37258.05078125,37660.75,30700
2025-07-17,^CNXIT,NIFTY IT,37552.8515625,37666.55078125,37060.69921875,37138.55078125,32600
2025-07-18,^CNXIT,NIFTY IT,37366.69921875,37419.6015625,36951.8515625,37141.8984375,49800
2025-07-21,^CNXIT,NIFTY IT,37109.80078125,37164.8515625,36780.05078125,37031.75,25900
2025-07-22,^CNXIT,NIFTY IT,36963.6484375,37121.0,36827.3984375,36858.8984375,24800
2025-07-23,^CNXIT,NIFTY IT,36958.30078125,37086.6015625,36745.19921875,36951.5,25700
2025-07-24,^CNXIT,NIFTY IT,36949.30078125,36974.05078125,36097.6484375,36135.80078125,48500
2025-07-25,^CNXIT,NIFTY IT,35998.0,36271.1015625,35531.6484375,35623.75,34100
2025-07-28,^CNXIT,NIFTY IT,35521.69921875,35566.55078125,35049.8984375,35370.05078125,28700
2025-07-29,^CNXIT,NIFTY IT,35270.8984375,35438.75,35101.5,35373.25,37000
2025-07-30,^CNXIT,NIFTY IT,35453.05078125,35531.55078125,35258.0,35481.69921875,20900
2025-07-31,^CNXIT,NIFTY IT,35218.8515625,35589.0,34999.25,35301.6484375,25100
2025-08-01,^CNXIT,NIFTY IT,35118.6015625,35166.3984375,34586.8984375,34649.6015625,24500
2025-08-04,^CNXIT,NIFTY IT,34558.69921875,35219.8515625,34324.8515625,35203.3515625,23000
2025-08-05,^CNXIT,NIFTY IT,35196.75,35196.75,34854.30078125,35034.5,27900
2025-08-06,^CNXIT,NIFTY IT,34957.94921875,34990.3515625,34347.44921875,34426.25,25900
2025-08-07,^CNXIT,NIFTY IT,34284.94921875,34808.05078125,34224.55078125,34726.80078125,25200
2025-08-08,^CNXIT,NIFTY IT,34603.0,34643.75,34350.8515625,34398.5,30100
2025-08-11,^CNXIT,NIFTY IT,34367.25,34624.3984375,34228.0,34544.6484375,17400
2025-08-12,^CNXIT,NIFTY IT,34589.8515625,35072.5,34561.30078125,34674.30078125,29700
2025-08-13,^CNXIT,NIFTY IT,34756.6484375,34842.1484375,34552.8515625,34692.94921875,24700
2025-08-14,^CNXIT,NIFTY IT,34732.25,35332.19921875,34732.25,34833.19921875,37800
2025-08-18,^CNXIT,NIFTY IT,35152.69921875,35158.69921875,34514.0,34634.94921875,21900
2025-08-19,^CNXIT,NIFTY IT,34618.8515625,34825.30078125,34549.05078125,34756.69921875,16700
2025-08-20,^CNXIT,NIFTY IT,34647.19921875,35773.6484375,34647.19921875,35690.05078125,41800
2025-08-21,^CNXIT,NIFTY IT,35918.80078125,35922.55078125,35461.44921875,35723.8984375,24200
2025-08-22,^CNXIT,NIFTY IT,35735.44921875,35767.1484375,35415.3984375,35440.8515625,27600
2025-08-25,^CNXIT,NIFTY IT,35795.5,36445.30078125,35795.5,36280.1015625,39100
2025-08-26,^CNXIT,NIFTY IT,36106.80078125,36324.30078125,35998.94921875,36063.19921875,46100
2025-08-28,^CNXIT,NIFTY IT,36017.1484375,36018.94921875,35444.19921875,35488.80078125,22800
2025-08-29,^CNXIT,NIFTY IT,35491.6015625,35575.19921875,35130.3515625,35181.25,28100
2025-09-01,^CNXIT,NIFTY IT,35255.30078125,35787.69921875,35255.30078125,35740.6484375,14500
2025-09-02,^CNXIT,NIFTY IT,35767.0,36061.1015625,35541.19921875,35737.8984375,16900
2025-09-03,^CNXIT,NIFTY IT,35807.94921875,35832.0,35293.1015625,35474.94921875,15400
2025-09-04,^CNXIT,NIFTY IT,35580.6015625,35599.30078125,35093.3984375,35143.1015625,17400
2025-09-05,^CNXIT,NIFTY IT,35234.75,35331.5,34343.3984375,34635.8515625,23500
2025-09-08,^CNXIT,NIFTY IT,34744.8984375,34912.8515625,34259.3984375,34310.44921875,19600
2025-09-09,^CNXIT,NIFTY IT,34773.05078125,35304.8515625,34770.3515625,35255.94921875,35900
2025-09-10,^CNXIT,NIFTY IT,35428.8984375,36255.19921875,35426.6015625,36183.80078125,36500
2025-09-11,^CNXIT,NIFTY IT,36265.94921875,36278.19921875,35829.8515625,36003.5,22600
2025-09-12,^CNXIT,NIFTY IT,36331.44921875,36356.6484375,36025.30078125,36110.75,24600
2025-09-15,^CNXIT,NIFTY IT,36139.69921875,36151.44921875,35686.1484375,35902.19921875,15700
2025-09-16,^CNXIT,NIFTY IT,35962.30078125,36274.0,35860.5,36212.1484375,23600
2025-09-17,^CNXIT,NIFTY IT,36326.30078125,36608.8984375,36253.8984375,36447.1484375,22100
2025-09-18,^CNXIT,NIFTY IT,36801.5,37064.94921875,36631.05078125,36750.25,31300
2025-09-19,^CNXIT,NIFTY IT,36765.5,36821.19921875,36369.94921875,36578.25,37200
2025-09-22,^CNXIT,NIFTY IT,35437.8984375,35781.6015625,35145.1015625,35500.1484375,51000
2025-09-23,^CNXIT,NIFTY IT,35477.6015625,35642.69921875,35177.3515625,35249.1015625,29900
2025-09-24,^CNXIT,NIFTY IT,35104.05078125,35193.30078125,34857.69921875,34994.30078125,23600
2025-09-25,^CNXIT,NIFTY IT,34914.0,35092.3984375,34460.30078125,34548.30078125,29200
2025-09-26,^CNXIT,NIFTY IT,34399.19921875,34477.30078125,33636.55078125,33702.0,37000
2025-09-29,^CNXIT,NIFTY IT,33900.6015625,33970.05078125,33606.44921875,33693.1015625,31900
2025-09-30,^CNXIT,NIFTY IT,33789.69921875,33922.6015625,33634.30078125,33655.1015625,28800
2025-10-01,^CNXIT,NIFTY IT,33702.8515625,34016.6015625,33432.1015625,33905.19921875,24200
2025-10-03,^CNXIT,NIFTY IT,33921.1015625,33992.1484375,33763.1015625,33949.75,28900
2025-10-06,^CNXIT,NIFTY IT,33961.3984375,34743.75,33926.6484375,34722.55078125,20400
2025-10-07,^CNXIT,NIFTY IT,34820.6015625,34879.19921875,34533.75,34709.44921875,21000
2025-10-08,^CNXIT,NIFTY IT,34664.3984375,35394.55078125,34607.30078125,35232.25,23300
2025-10-09,^CNXIT,NIFTY IT,35315.3984375,35688.3515625,35174.80078125,35628.5,21200
2025-10-10,^CNXIT,NIFTY IT,35705.6484375,35821.30078125,35321.8515625,35609.05078125,25100
2025-10-13,^CNXIT,NIFTY IT,35397.19921875,35505.3515625,35072.3984375,35330.80078125,20300
2025-10-14,^CNXIT,NIFTY IT,35542.8515625,35766.25,35148.3984375,35214.8515625,26300
2025-10-15,^CNXIT,NIFTY IT,35327.19921875,35571.6015625,35226.1484375,35401.80078125,36000
2025-10-16,^CNXIT,NIFTY IT,35443.69921875,35574.25,35229.6015625,35531.05078125,27600
2025-10-17,^CNXIT,NIFTY IT,35356.5,35356.5,34872.94921875,34950.69921875,73000
2025-10-20,^CNXIT,NIFTY IT,35109.75,35377.8515625,35077.8515625,35292.6015625,25600
2025-10-21,^CNXIT,NIFTY IT,35500.8984375,35564.19921875,35221.55078125,35299.75,4700
2025-10-23,^CNXIT,NIFTY IT,35936.75,36462.0,35859.75,36078.6484375,57100
2025-10-24,^CNXIT,NIFTY IT,36211.3984375,36268.6484375,35886.1484375,35986.3515625,23100
2025-10-27,^CNXIT,NIFTY IT,36075.55078125,36279.3984375,35962.80078125,36129.1015625,29100
2025-10-28,^CNXIT,NIFTY IT,36088.6484375,36193.1484375,35677.6015625,35860.3984375,27100
2025-10-29,^CNXIT,NIFTY IT,35916.1015625,36201.55078125,35778.19921875,36090.1015625,23400
2025-10-30,^CNXIT,NIFTY IT,36073.1484375,36127.8984375,35812.75,35906.3984375,22300
2025-10-31,^CNXIT,NIFTY IT,35918.55078125,36050.3515625,35681.05078125,35712.3515625,18500
2025-11-03,^CNXIT,NIFTY IT,35664.80078125,35742.80078125,35479.5,35653.1015625,1100
2025-11-04,^CNXIT,NIFTY IT,35580.55078125,35668.75,35198.75,35274.55078125,23000
2025-11-06,^CNXIT,NIFTY IT,35380.44921875,35509.0,35248.30078125,35337.6015625,25100
2025-11-07,^CNXIT,NIFTY IT,35233.19921875,35272.55078125,34732.5,35117.6484375,21700
2025-11-10,^CNXIT,NIFTY IT,35246.94921875,35855.6015625,35237.19921875,35688.25,26700
2025-11-11,^CNXIT,NIFTY IT,35902.8984375,36149.8984375,35683.8984375,36116.8984375,33800
2025-11-12,^CNXIT,NIFTY IT,36299.3984375,36911.94921875,36290.80078125,36855.3984375,40400
2025-11-13,^CNXIT,NIFTY IT,36937.94921875,36939.8515625,36525.3984375,36679.5,33100
2025-11-14,^CNXIT,NIFTY IT,36392.05078125,36503.0,35957.30078125,36301.25,25000
2025-11-17,^CNXIT,NIFTY IT,36285.19921875,36406.44921875,36138.19921875,36375.19921875,21400
2025-11-18,^CNXIT,NIFTY IT,36294.69921875,36312.94921875,35914.3515625,35975.19921875,24200
2025-11-19,^CNXIT,NIFTY IT,36062.19921875,37116.5,36024.44921875,37044.6484375,44600
2025-11-20,^CNXIT,NIFTY IT,37228.05078125,37278.75,36964.3515625,37043.30078125,26300
2025-11-21,^CNXIT,NIFTY IT,36930.25,37096.25,36761.55078125,36885.3515625,28500
2025-11-24,^CNXIT,NIFTY IT,37084.6484375,37554.3515625,36951.80078125,37037.94921875,63800
2025-11-25,^CNXIT,NIFTY IT,37112.1015625,37124.55078125,36727.3515625,36826.8984375,25900
2025-11-26,^CNXIT,NIFTY IT,36881.94921875,37407.0,36881.1015625,37364.6015625,23300
2025-11-27,^CNXIT,NIFTY IT,37487.6484375,37668.55078125,37208.25,37446.30078125,22500
2025-11-28,^CNXIT,NIFTY IT,37488.5,37554.6015625,37323.44921875,37405.5,18500
2025-12-01,^CNXIT,NIFTY IT,37476.6015625,37659.75,37413.0,37549.75,16400
2025-12-02,^CNXIT,NIFTY IT,37559.3984375,37734.3515625,37418.5,37541.25,23200
2025-12-03,^CNXIT,NIFTY IT,37530.8515625,38007.30078125,37515.0,37825.25,40900
2025-12-04,^CNXIT,NIFTY IT,37875.69921875,38471.6015625,37847.69921875,38360.25,39900
2025-12-05,^CNXIT,NIFTY IT,38500.6015625,38920.6015625,38369.55078125,38703.6484375,32300
2025-12-08,^CNXIT,NIFTY IT,38783.3984375,38937.3515625,38322.44921875,38590.69921875,28400
2025-12-09,^CNXIT,NIFTY IT,38438.5,38463.94921875,37908.8984375,38130.6015625,26000
2025-12-10,^CNXIT,NIFTY IT,38273.75,38300.5,37745.25,37789.8984375,18900
2025-12-11,^CNXIT,NIFTY IT,37925.94921875,38136.44921875,37672.3984375,38097.0,18800
2025-12-12,^CNXIT,NIFTY IT,38203.8515625,38300.30078125,37901.75,38274.75,13900
2025-12-15,^CNXIT,NIFTY IT,38125.94921875,38410.69921875,38042.94921875,38386.30078125,13600
2025-12-16,^CNXIT,NIFTY IT,38262.30078125,38293.3984375,37946.75,38062.5,14700
2025-12-17,^CNXIT,NIFTY IT,37996.94921875,38367.8515625,37969.44921875,38172.05078125,14800
2025-12-18,^CNXIT,NIFTY IT,38273.6015625,38667.3515625,38248.75,38633.3515625,23500
2025-12-19,^CNXIT,NIFTY IT,38991.30078125,39054.3515625,38590.25,38691.6015625,38500
2025-12-22,^CNXIT,NIFTY IT,39023.25,39530.25,39006.3984375,39488.0,45600
2025-12-23,^CNXIT,NIFTY IT,39395.80078125,39398.1484375,38942.3515625,39173.69921875,24100
2025-12-24,^CNXIT,NIFTY IT,39084.8984375,39098.8984375,38901.05078125,38974.80078125,15800
2025-12-26,^CNXIT,NIFTY IT,38921.6484375,39019.94921875,38495.3984375,38572.30078125,12400
2025-12-29,^CNXIT,NIFTY IT,38622.6015625,38721.69921875,38206.75,38282.69921875,21200
2025-12-30,^CNXIT,NIFTY IT,38281.55078125,38281.55078125,37906.6015625,37998.6015625,32700
2025-12-31,^CNXIT,NIFTY IT,38051.69921875,38108.5,37822.1484375,37884.05078125,20900
2026-01-01,^CNXIT,NIFTY IT,37931.55078125,38256.94921875,37862.6015625,38171.5,11200
2026-01-02,^CNXIT,NIFTY IT,38251.3515625,38359.0,38085.3984375,38320.30078125,16400
2026-01-05,^CNXIT,NIFTY IT,38222.0,38260.8515625,37365.8984375,37771.1484375,22000
2026-01-06,^CNXIT,NIFTY IT,37712.05078125,38053.1015625,37680.69921875,37977.3984375,16600
2026-01-07,^CNXIT,NIFTY IT,37951.30078125,38736.80078125,37940.8515625,38688.80078125,25100
2026-01-08,^CNXIT,NIFTY IT,38686.55078125,38728.6484375,37853.75,37920.30078125,24900
2026-01-09,^CNXIT,NIFTY IT,37861.25,38244.55078125,37861.1484375,38027.19921875,20800
2026-01-12,^CNXIT,NIFTY IT,37938.6015625,38079.6015625,37573.1015625,37988.25,20200
2026-01-13,^CNXIT,NIFTY IT,38227.8515625,38394.3984375,37777.75,38236.6015625,33700
2026-01-14,^CNXIT,NIFTY IT,38127.19921875,38295.75,37649.1484375,37822.69921875,23600
2026-01-16,^CNXIT,NIFTY IT,38433.3515625,39139.5,38390.5,39086.6484375,48900
2026-01-19,^CNXIT,NIFTY IT,38892.3984375,38977.6484375,38624.8984375,38902.5,89700
2026-01-20,^CNXIT,NIFTY IT,38753.19921875,38809.0,38023.8515625,38101.05078125,35600
2026-01-21,^CNXIT,NIFTY IT,38001.94921875,38128.30078125,37451.3515625,37992.30078125,34600
2026-01-22,^CNXIT,NIFTY IT,38294.80078125,38542.5,38080.94921875,38301.75,25700
2026-01-23,^CNXIT,NIFTY IT,38513.69921875,38576.6484375,38149.30078125,38238.5,31300
2026-01-27,^CNXIT,NIFTY IT,38482.8515625,38677.55078125,38074.80078125,38566.1015625,40600
2026-01-28,^CNXIT,NIFTY IT,38583.1484375,38792.6484375,38433.44921875,38725.3515625,28900
2026-01-29,^CNXIT,NIFTY IT,38601.8515625,38635.6015625,38063.3984375,38431.30078125,26800
2026-01-30,^CNXIT,NIFTY IT,38262.6484375,38262.6484375,37704.3515625,38036.1484375,32600
2026-02-02,^CNXIT,NIFTY IT,38396.0,38413.1484375,37807.1015625,38074.1484375,26200
2026-02-03,^CNXIT,NIFTY IT,40301.3984375,40301.3984375,38550.5,38611.75,47500
2026-02-04,^CNXIT,NIFTY IT,37165.3515625,37176.69921875,35809.5,36345.6484375,84600
2026-02-05,^CNXIT,NIFTY IT,36215.6484375,36621.94921875,36023.8984375,36143.30078125,100
2026-02-06,^CNXIT,NIFTY IT,36079.8515625,36105.8515625,35211.94921875,35611.05078125,41100
2026-02-09,^CNXIT,NIFTY IT,35840.8984375,36056.44921875,35544.05078125,35616.6484375,25100
2026-02-10,^CNXIT,NIFTY IT,35656.94921875,36059.6484375,35427.3984375,35722.19921875,33800
2026-02-11,^CNXIT,NIFTY IT,35788.6484375,35857.6484375,35013.6015625,35095.1484375,26900
2026-02-12,^CNXIT,NIFTY IT,34439.0,34488.80078125,33058.19921875,33160.19921875,97100
2026-02-13,^CNXIT,NIFTY IT,31487.400390625,32932.75,31422.599609375,32681.5,112500
2026-02-16,^CNXIT,NIFTY IT,32693.0,32809.3515625,32299.55078125,32738.05078125,49100
2026-02-17,^CNXIT,NIFTY IT,32793.75,33703.1015625,32650.44921875,33075.05078125,66600
2026-02-18,^CNXIT,NIFTY IT,33133.8515625,33169.30078125,32169.150390625,32668.30078125,53700
2026-02-19,^CNXIT,NIFTY IT,32875.1015625,33167.6015625,32195.94921875,32319.400390625,40300
2026-02-20,^CNXIT,NIFTY IT,32098.94921875,32339.80078125,31804.75,32004.05078125,41700
2026-02-23,^CNXIT,NIFTY IT,31987.80078125,32051.69921875,31416.55078125,31550.5,50800
2026-02-24,^CNXIT,NIFTY IT,31031.849609375,31056.44921875,29875.0,30053.5,93800
2026-02-25,^CNXIT,NIFTY IT,30343.900390625,30999.75,30340.94921875,30526.349609375,50600
2026-02-26,^CNXIT,NIFTY IT,30797.05078125,31112.19921875,30459.80078125,30554.19921875,41400
2026-02-27,^CNXIT,NIFTY IT,31145.75,31305.80078125,30546.0,30603.849609375,58700
2026-03-02,^CNXIT,NIFTY IT,30020.150390625,30587.30078125,29889.5,30272.94921875,30900
2026-03-04,^CNXIT,NIFTY IT,30092.19921875,30579.44921875,30092.19921875,30305.30078125,47900
2026-03-05,^CNXIT,NIFTY IT,30554.849609375,30563.349609375,29823.150390625,30126.80078125,34600
2026-03-06,^CNXIT,NIFTY IT,30074.599609375,30664.94921875,30062.75,30138.400390625,28200
2026-03-09,^CNXIT,NIFTY IT,29688.05078125,30241.099609375,29533.900390625,30162.05078125,46500
2026-03-10,^CNXIT,NIFTY IT,30337.599609375,30360.150390625,29741.05078125,30024.05078125,33700
2026-03-11,^CNXIT,NIFTY IT,30043.849609375,30231.400390625,29598.30078125,29651.69921875,47700
2026-03-12,^CNXIT,NIFTY IT,29587.05078125,29790.80078125,29322.80078125,29579.44921875,40600
2026-03-13,^CNXIT,NIFTY IT,29381.650390625,29508.44921875,28936.75,29071.30078125,29600
2026-03-16,^CNXIT,NIFTY IT,28934.599609375,29202.69921875,28586.94921875,29042.55078125,38900
2026-03-17,^CNXIT,NIFTY IT,29080.75,29080.75,28288.05078125,28760.900390625,47900
2026-03-18,^CNXIT,NIFTY IT,28912.05078125,30055.599609375,28912.05078125,29559.30078125,54400
2026-03-19,^CNXIT,NIFTY IT,29141.94921875,29321.849609375,28477.5,28579.599609375,32000
2026-03-20,^CNXIT,NIFTY IT,28993.0,29322.400390625,28844.44921875,29199.599609375,69900
2026-03-23,^CNXIT,NIFTY IT,28847.900390625,29295.69921875,28613.80078125,29147.05078125,43000
2026-03-24,^CNXIT,NIFTY IT,29572.75,29926.349609375,29210.69921875,29648.900390625,41800
2026-03-25,^CNXIT,NIFTY IT,29552.150390625,29950.05078125,29413.44921875,29671.30078125,46700
2026-03-27,^CNXIT,NIFTY IT,29721.0,30029.55078125,29461.19921875,29541.650390625,61900
2026-03-30,^CNXIT,NIFTY IT,29225.599609375,29439.05078125,28961.400390625,29062.599609375,61900
2026-04-01,^CNXIT,NIFTY IT,29943.150390625,30257.849609375,29562.349609375,29669.05078125,32100
2026-04-02,^CNXIT,NIFTY IT,29352.44921875,30558.599609375,29324.349609375,30441.44921875,52900
2026-04-06,^CNXIT,NIFTY IT,30490.400390625,30821.349609375,30444.05078125,30636.55078125,44300
2026-04-07,^CNXIT,NIFTY IT,30489.30078125,31443.05078125,30372.099609375,31403.349609375,55300
2026-04-08,^CNXIT,NIFTY IT,31786.69921875,31946.75,31272.80078125,31565.80078125,56300
2026-04-09,^CNXIT,NIFTY IT,31436.650390625,31718.0,31105.75,31636.19921875,46100
2026-04-10,^CNXIT,NIFTY IT,31533.349609375,31544.69921875,30680.80078125,31030.599609375,93000
2026-04-13,^CNXIT,NIFTY IT,30619.75,30821.400390625,30402.25,30669.80078125,42500
2026-04-15,^CNXIT,NIFTY IT,31170.75,31661.150390625,31111.5,31539.75,55800
2026-04-16,^CNXIT,NIFTY IT,31833.599609375,32134.25,31600.099609375,31817.5,71300
2026-04-17,^CNXIT,NIFTY IT,31656.55078125,31959.349609375,31411.75,31809.849609375,105100
2026-04-20,^CNXIT,NIFTY IT,31855.349609375,31912.5,31498.75,31585.75,44800
2026-04-21,^CNXIT,NIFTY IT,31536.55078125,31883.849609375,31415.75,31729.099609375,42700
2026-04-22,^CNXIT,NIFTY IT,31068.25,31072.94921875,30135.150390625,30496.25,102300
2026-04-23,^CNXIT,NIFTY IT,30432.94921875,30525.900390625,29982.25,30124.30078125,56000
2026-04-24,^CNXIT,NIFTY IT,29650.19921875,29872.5,28442.400390625,28530.599609375,110100
2026-04-27,^CNXIT,NIFTY IT,28582.75,29238.849609375,28578.55078125,29159.150390625,80100
2026-04-28,^CNXIT,NIFTY IT,29098.55078125,29270.05078125,28891.099609375,28959.900390625,52600
2026-04-29,^CNXIT,NIFTY IT,29072.150390625,29486.80078125,29034.30078125,29245.25,38100
2026-04-30,^CNXIT,NIFTY IT,29287.30078125,29543.099609375,29012.69921875,29353.900390625,43900
2026-05-04,^CNXIT,NIFTY IT,29606.5,29664.5,28955.599609375,29076.150390625,27100
2026-05-05,^CNXIT,NIFTY IT,29069.849609375,29407.0,28889.44921875,29107.30078125,26800
2026-05-06,^CNXIT,NIFTY IT,29435.5,29646.05078125,29123.80078125,29267.94921875,59000
2026-05-07,^CNXIT,NIFTY IT,29377.80078125,29418.0,29009.400390625,29043.5,49600
2026-05-08,^CNXIT,NIFTY IT,29031.55078125,29490.599609375,28961.80078125,29394.19921875,42300
2026-05-11,^CNXIT,NIFTY IT,29323.400390625,29536.900390625,29274.05078125,29329.44921875,28900
2026-05-12,^CNXIT,NIFTY IT,29091.05078125,29091.05078125,28126.900390625,28234.900390625,63000
2026-05-13,^CNXIT,NIFTY IT,28226.80078125,28335.44921875,27880.75,27916.650390625,35100
2026-05-14,^CNXIT,NIFTY IT,27847.5,27856.0,27078.0,27360.349609375,54500
2026-05-15,^CNXIT,NIFTY IT,27472.650390625,28114.099609375,27472.650390625,27716.900390625,53300
2026-05-18,^CNXIT,NIFTY IT,27689.599609375,28466.099609375,27663.80078125,28389.80078125,47300
2026-05-19,^CNXIT,NIFTY IT,28679.849609375,29609.599609375,28677.80078125,29308.0,86700
2026-05-20,^CNXIT,NIFTY IT,29140.80078125,29517.150390625,29036.650390625,29185.150390625,44300
2026-05-21,^CNXIT,NIFTY IT,29277.94921875,29328.349609375,28964.94921875,29021.099609375,38600
2026-05-22,^CNXIT,NIFTY IT,29072.599609375,29181.94921875,28792.5,28912.5,58200
2026-05-25,^CNXIT,NIFTY IT,29103.650390625,29177.80078125,28831.30078125,28979.849609375,86100
2026-05-26,^CNXIT,NIFTY IT,28970.5,29203.099609375,28919.05078125,28978.5,64100
2026-05-27,^CNXIT,NIFTY IT,28928.900390625,29116.400390625,28800.900390625,28906.69921875,54100
2026-05-29,^CNXIT,NIFTY IT,29347.5,29747.19921875,28931.75,29080.150390625,192800
2026-06-01,^CNXIT,NIFTY IT,29349.19921875,30238.150390625,29341.599609375,29854.25,73300
2026-06-02,^CNXIT,NIFTY IT,30265.69921875,31290.94921875,30264.599609375,31116.55078125,116100
2026-06-03,^CNXIT,NIFTY IT,30563.19921875,30567.0,29301.0,29384.44921875,112300
2026-06-04,^CNXIT,NIFTY IT,29150.05078125,29382.900390625,28971.80078125,29300.599609375,66000
2026-06-05,^CNXIT,NIFTY IT,29509.94921875,29639.80078125,28918.849609375,29010.30078125,65200
2026-06-08,^CNXIT,NIFTY IT,28577.69921875,28915.849609375,28417.69921875,28653.55078125,97700
2026-06-09,^CNXIT,NIFTY IT,28895.30078125,28895.30078125,28294.599609375,28516.25,50100
2026-06-10,^CNXIT,NIFTY IT,28541.849609375,28799.349609375,28249.19921875,28279.94921875,33500
2026-06-11,^CNXIT,NIFTY IT,27888.0,28003.94921875,27519.150390625,27821.05078125,36400
2026-06-12,^CNXIT,NIFTY IT,28025.25,28078.599609375,27660.0,27795.75,32300
2026-06-15,^CNXIT,NIFTY IT,28178.849609375,28384.25,27955.05078125,28067.900390625,33000
2026-06-16,^CNXIT,NIFTY IT,28237.05078125,28663.849609375,28124.30078125,28568.099609375,41700
2026-06-17,^CNXIT,NIFTY IT,28759.05078125,29007.0,28688.400390625,28809.55078125,35900
2026-06-18,^CNXIT,NIFTY IT,28592.400390625,28662.900390625,28262.650390625,28466.44921875,50700
2026-06-19,^CNXIT,NIFTY IT,27012.150390625,27527.75,26634.5,27426.849609375,124500
2026-06-22,^CNXIT,NIFTY IT,27531.0,27856.400390625,27531.0,27628.55078125,34900
2026-06-23,^CNXIT,NIFTY IT,27416.44921875,27428.5,26955.5,27012.05078125,60400
2026-06-24,^CNXIT,NIFTY IT,27046.400390625,27705.94921875,27036.099609375,27566.69921875,85400
2026-06-25,^CNXIT,NIFTY IT,27801.400390625,27881.0,27295.099609375,27330.849609375,55600
2026-06-29,^CNXIT,NIFTY IT,27172.19921875,27313.349609375,26965.349609375,27038.5,64900
2026-06-30,^CNXIT,NIFTY IT,26989.94921875,27032.19921875,26208.5,26299.05078125,71600
2026-07-01,^CNXIT,NIFTY IT,26381.0,26505.75,25699.099609375,25769.80078125,66500
2026-07-02,^CNXIT,NIFTY IT,26141.75,27030.94921875,26132.0,26965.05078125,84300
2026-07-03,^CNXIT,NIFTY IT,27482.400390625,27759.55078125,27286.55078125,27439.400390625,68400
2026-07-06,^CNXIT,NIFTY IT,27489.849609375,27502.599609375,27127.44921875,27276.44921875,23200
2026-07-07,^CNXIT,NIFTY IT,27248.30078125,28156.19921875,27248.30078125,27939.150390625,58500
2026-07-08,^CNXIT,NIFTY IT,27915.19921875,28067.849609375,27468.849609375,27555.19921875,42400
2026-07-09,^CNXIT,NIFTY IT,27495.5,27646.44921875,27014.5,27471.25,29700
2026-07-10,^CNXIT,NIFTY IT,28043.5,28439.55078125,27870.0,28010.400390625,44500
2026-07-13,^CNXIT,NIFTY IT,27880.55078125,29272.650390625,27856.099609375,29015.849609375,76300
2026-07-14,^CNXIT,NIFTY IT,29020.400390625,29285.05078125,28674.5,28724.75,55300
2026-07-15,^CNXIT,NIFTY IT,28412.80078125,28725.25,28223.80078125,28532.25,33800
2026-07-16,^CNXIT,NIFTY IT,28697.44921875,29052.900390625,28669.80078125,28722.599609375,36300
2026-07-17,^CNXIT,NIFTY IT,29082.05078125,29380.75,28935.94921875,29226.599609375,61600
2026-07-20,^CNXIT,NIFTY IT,29324.44921875,29483.150390625,29113.75,29161.900390625,27500
2026-07-21,^CNXIT,NIFTY IT,29075.25,29415.25,28930.55078125,28984.400390625,32900
2026-07-22,^CNXIT,NIFTY IT,28881.94921875,28913.349609375,28502.94921875,28549.849609375,19900
2026-07-23,^CNXIT,NIFTY IT,28502.900390625,28688.94921875,28277.75,28533.55078125,35400
2026-07-24,^CNXIT,NIFTY IT,28204.849609375,28812.30078125,28141.0,28767.94921875,57500
2026-07-27,^CNXIT,NIFTY IT,29181.69921875,29537.5,29070.25,29441.900390625,43800
2026-07-28,^CNXIT,NIFTY IT,29825.400390625,30664.099609375,29820.05078125,30418.349609375,92900
2026-07-29,^CNXIT,NIFTY IT,31106.599609375,31352.80078125,30770.55078125,31123.099609375,83500
2026-07-30,^CNXIT,NIFTY IT,31207.55078125,31846.400390625,31131.349609375,31194.55078125,98000
2026-07-31,^CNXIT,NIFTY IT,30488.400390625,30900.25,30034.400390625,30708.94921875,50200
2026-08-03,^CNXIT,NIFTY IT,30950.94921875,31715.25,30796.55078125,31715.25,40100
2026-08-04,^CNXIT,NIFTY IT,31616.099609375,31676.650390625,31245.05078125,31454.150390625,31400
2026-08-05,^CNXIT,NIFTY IT,31578.0,31603.30078125,31237.099609375,31404.05078125,31100
2026-08-06,^CNXIT,NIFTY IT,31467.900390625,31701.900390625,31090.19921875,31106.25,27900
2026-08-07,^CNXIT,NIFTY IT,31067.05078125,31799.150390625,31047.44921875,31547.69921875,32400
2026-08-10,^CNXIT,NIFTY IT,31611.55078125,31955.0,31546.400390625,31631.44921875,25500
2026-08-11,^CNXIT,NIFTY IT,31741.25,31954.0,31639.099609375,31823.150390625,27800
2026-08-12,^CNXIT,NIFTY IT,31813.599609375,31822.650390625,30997.900390625,31332.55078125,31200
2026-08-13,^CNXIT,NIFTY IT,31277.0,31459.30078125,31098.599609375,31453.900390625,20900
2026-08-14,^CNXIT,NIFTY IT,31419.849609375,31529.55078125,31052.69921875,31357.75,22900
2026-08-17,^CNXIT,NIFTY IT,31242.400390625,31331.19921875,30722.05078125,30807.80078125,17200
2026-08-18,^CNXIT,NIFTY IT,30584.099609375,30615.44921875,30212.94921875,30213.44921875,25500
2026-08-19,^CNXIT,NIFTY IT,30461.099609375,30659.80078125,30165.0,30433.05078125,25400
2026-08-20,^CNXIT,NIFTY IT,30850.5,30942.900390625,30637.80078125,30673.05078125,25200
2026-08-21,^CNXIT,NIFTY IT,30676.400390625,30693.349609375,30337.0,30532.25,18900
2026-08-24,^CNXIT,NIFTY IT,30579.599609375,30892.900390625,30484.80078125,30596.900390625,25400
2026-08-25,^CNXIT,NIFTY IT,30692.349609375,30771.80078125,30283.400390625,30771.80078125,0
2024-08-26,^NSEMDCP50,NIFTY MIDCAP 50,16549.650390625,16599.30078125,16508.19921875,16558.0,5600
2024-08-27,^NSEMDCP50,NIFTY MIDCAP 50,16603.599609375,16629.55078125,16546.099609375,16581.0,6600
2024-08-28,^NSEMDCP50,NIFTY MIDCAP 50,16622.150390625,16655.55078125,16516.5,16586.19921875,7300
2024-08-29,^NSEMDCP50,NIFTY MIDCAP 50,16591.900390625,16598.0,16402.349609375,16514.69921875,11300
2024-08-30,^NSEMDCP50,NIFTY MIDCAP 50,16592.75,16678.0,16560.650390625,16618.80078125,47200
2024-09-02,^NSEMDCP50,NIFTY MIDCAP 50,16690.599609375,16690.599609375,16548.25,16588.75,11400
2024-09-03,^NSEMDCP50,NIFTY MIDCAP 50,16619.099609375,16708.150390625,16607.650390625,16651.599609375,5400
2024-09-04,^NSEMDCP50,NIFTY MIDCAP 50,16524.400390625,16646.0,16497.25,16627.94921875,5800
2024-09-05,^NSEMDCP50,NIFTY MIDCAP 50,16721.400390625,16747.900390625,16658.900390625,16705.150390625,7100
2024-09-06,^NSEMDCP50,NIFTY MIDCAP 50,16703.19921875,16711.25,16384.19921875,16413.94921875,22500
2024-09-09,^NSEMDCP50,NIFTY MIDCAP 50,16392.599609375,16396.69921875,16240.2001953125,16328.900390625,10300
2024-09-10,^NSEMDCP50,NIFTY MIDCAP 50,16458.80078125,16617.25,16444.599609375,16562.849609375,8200
2024-09-11,^NSEMDCP50,NIFTY MIDCAP 50,16634.80078125,16713.099609375,16506.099609375,16545.849609375,8900
2024-09-12,^NSEMDCP50,NIFTY MIDCAP 50,16713.0,16779.69921875,16625.69921875,16760.150390625,8500
2024-09-13,^NSEMDCP50,NIFTY MIDCAP 50,16818.900390625,16926.099609375,16789.19921875,16878.0,5800
2024-09-16,^NSEMDCP50,NIFTY MIDCAP 50,16952.5,16979.650390625,16861.69921875,16889.94921875,6000
2024-09-17,^NSEMDCP50,NIFTY MIDCAP 50,16913.0,16925.94921875,16804.400390625,16881.0,4600
2024-09-18,^NSEMDCP50,NIFTY MIDCAP 50,16884.19921875,16887.150390625,16582.0,16687.75,6000
2024-09-19,^NSEMDCP50,NIFTY MIDCAP 50,16780.099609375,16851.099609375,16294.2998046875,16584.55078125,29700
2024-09-20,^NSEMDCP50,NIFTY MIDCAP 50,16669.650390625,16813.0,16564.94921875,16767.44921875,20400
2024-09-23,^NSEMDCP50,NIFTY MIDCAP 50,16850.75,16932.69921875,16801.69921875,16921.30078125,20400
2024-09-24,^NSEMDCP50,NIFTY MIDCAP 50,16974.599609375,17018.849609375,16946.599609375,16990.349609375,8900
2024-09-25,^NSEMDCP50,NIFTY MIDCAP 50,17000.80078125,17005.55078125,16849.80078125,16913.0,6600
2024-09-26,^NSEMDCP50,NIFTY MIDCAP 50,16954.19921875,16965.349609375,16815.19921875,16947.30078125,12800
2024-09-27,^NSEMDCP50,NIFTY MIDCAP 50,16975.44921875,17066.75,16956.44921875,16987.900390625,15100
2024-09-30,^NSEMDCP50,NIFTY MIDCAP 50,16928.30078125,16992.349609375,16844.900390625,16883.349609375,8700
2024-10-01,^NSEMDCP50,NIFTY MIDCAP 50,16920.400390625,16972.849609375,16827.400390625,16952.05078125,6200
2024-10-03,^NSEMDCP50,NIFTY MIDCAP 50,16715.25,16862.55078125,16522.5,16563.69921875,8400
2024-10-04,^NSEMDCP50,NIFTY MIDCAP 50,16539.0,16623.44921875,16267.5,16387.599609375,8700
2024-10-07,^NSEMDCP50,NIFTY MIDCAP 50,16455.94921875,16509.05078125,15983.75,16133.150390625,11800
2024-10-08,^NSEMDCP50,NIFTY MIDCAP 50,16065.0498046875,16440.69921875,16020.0498046875,16408.349609375,8900
2024-10-09,^NSEMDCP50,NIFTY MIDCAP 50,16503.19921875,16663.55078125,16494.0,16549.19921875,8100
2024-10-10,^NSEMDCP50,NIFTY MIDCAP 50,16635.400390625,16654.05078125,16438.0,16482.349609375,5300
2024-10-11,^NSEMDCP50,NIFTY MIDCAP 50,16500.19921875,16530.44921875,16414.94921875,16520.900390625,4800
2024-10-14,^NSEMDCP50,NIFTY MIDCAP 50,16553.900390625,16639.19921875,16482.94921875,16617.44921875,5200
2024-10-15,^NSEMDCP50,NIFTY MIDCAP 50,16668.650390625,16679.05078125,16556.650390625,16658.94921875,5200
2024-10-16,^NSEMDCP50,NIFTY MIDCAP 50,16661.94921875,16737.599609375,16595.69921875,16659.05078125,5500
2024-10-17,^NSEMDCP50,NIFTY MIDCAP 50,16682.80078125,16685.849609375,16382.9501953125,16399.19921875,5500
2024-10-18,^NSEMDCP50,NIFTY MIDCAP 50,16342.650390625,16490.349609375,16181.25,16460.599609375,5000
2024-10-21,^NSEMDCP50,NIFTY MIDCAP 50,16495.75,16549.349609375,16113.099609375,16135.2001953125,7400
2024-10-22,^NSEMDCP50,NIFTY MIDCAP 50,16153.5,16191.25,15709.349609375,15739.5,7900
2024-10-23,^NSEMDCP50,NIFTY MIDCAP 50,15709.900390625,15934.0,15582.650390625,15763.0,8500
2024-10-24,^NSEMDCP50,NIFTY MIDCAP 50,15759.650390625,15803.650390625,15623.5498046875,15656.5,6300
2024-10-25,^NSEMDCP50,NIFTY MIDCAP 50,15704.400390625,15709.7998046875,15245.4501953125,15419.599609375,10000
2024-10-28,^NSEMDCP50,NIFTY MIDCAP 50,15437.25,15611.2998046875,15374.099609375,15544.650390625,13500
2024-10-29,^NSEMDCP50,NIFTY MIDCAP 50,15626.0498046875,15694.4501953125,15394.7001953125,15677.4501953125,8800
2024-10-30,^NSEMDCP50,NIFTY MIDCAP 50,15651.5,15778.349609375,15578.25,15647.5,13000
2024-10-31,^NSEMDCP50,NIFTY MIDCAP 50,15658.650390625,15675.900390625,15462.2998046875,15539.599609375,10300
2024-11-01,^NSEMDCP50,NIFTY MIDCAP 50,15643.2001953125,15685.0,15632.2001953125,15649.2998046875,3200
2024-11-04,^NSEMDCP50,NIFTY MIDCAP 50,15677.75,15678.7998046875,15425.2001953125,15507.2001953125,9500
2024-11-05,^NSEMDCP50,NIFTY MIDCAP 50,15481.4501953125,15610.099609375,15326.7001953125,15591.75,8200
2024-11-06,^NSEMDCP50,NIFTY MIDCAP 50,15680.400390625,15985.5498046875,15656.900390625,15958.400390625,6600
2024-11-07,^NSEMDCP50,NIFTY MIDCAP 50,16041.849609375,16053.900390625,15834.7001953125,15856.599609375,6500
2024-11-08,^NSEMDCP50,NIFTY MIDCAP 50,15903.349609375,15907.9501953125,15609.9501953125,15656.900390625,6600
2024-11-11,^NSEMDCP50,NIFTY MIDCAP 50,15626.7001953125,15645.099609375,15483.4501953125,15529.2001953125,7000
2024-11-12,^NSEMDCP50,NIFTY MIDCAP 50,15582.099609375,15658.599609375,15303.7001953125,15341.400390625,5400
2024-11-13,^NSEMDCP50,NIFTY MIDCAP 50,15276.75,15314.650390625,14913.75,14966.5,8800
2024-11-14,^NSEMDCP50,NIFTY MIDCAP 50,14991.349609375,15150.7998046875,14986.5498046875,15048.099609375,6800
2024-11-18,^NSEMDCP50,NIFTY MIDCAP 50,15137.650390625,15164.400390625,15000.5498046875,15079.150390625,7700
2024-11-19,^NSEMDCP50,NIFTY MIDCAP 50,15139.7998046875,15345.2001953125,15124.599609375,15185.0,6500
2024-11-21,^NSEMDCP50,NIFTY MIDCAP 50,15193.650390625,15240.7998046875,15028.650390625,15167.5498046875,10700
2024-11-22,^NSEMDCP50,NIFTY MIDCAP 50,15180.2001953125,15380.0498046875,15157.599609375,15353.7001953125,9200
2024-11-25,^NSEMDCP50,NIFTY MIDCAP 50,15610.099609375,15666.7998046875,15579.4501953125,15604.0498046875,14000
2024-11-26,^NSEMDCP50,NIFTY MIDCAP 50,15673.9501953125,15750.9501953125,15622.099609375,15635.349609375,21000
2024-11-27,^NSEMDCP50,NIFTY MIDCAP 50,15684.9501953125,15744.099609375,15571.4501953125,15730.400390625,14100
2024-11-28,^NSEMDCP50,NIFTY MIDCAP 50,15761.400390625,15815.599609375,15628.849609375,15661.849609375,13400
2024-11-29,^NSEMDCP50,NIFTY MIDCAP 50,15670.400390625,15746.2998046875,15632.650390625,15697.75,8200
2024-12-02,^NSEMDCP50,NIFTY MIDCAP 50,15707.349609375,15945.2998046875,15652.0,15923.5498046875,5800
2024-12-03,^NSEMDCP50,NIFTY MIDCAP 50,16029.2001953125,16064.900390625,15970.5498046875,16055.7001953125,6600
2024-12-04,^NSEMDCP50,NIFTY MIDCAP 50,16109.5,16232.349609375,16086.0498046875,16217.0498046875,7800
2024-12-05,^NSEMDCP50,NIFTY MIDCAP 50,16325.2001953125,16325.2001953125,16148.150390625,16270.9501953125,12100
2024-12-06,^NSEMDCP50,NIFTY MIDCAP 50,16302.25,16344.5,16232.9501953125,16322.25,7200
2024-12-09,^NSEMDCP50,NIFTY MIDCAP 50,16296.2001953125,16425.599609375,16292.5498046875,16409.5,6000
2024-12-10,^NSEMDCP50,NIFTY MIDCAP 50,16421.19921875,16493.94921875,16371.5,16483.650390625,6300
2024-12-11,^NSEMDCP50,NIFTY MIDCAP 50,16480.150390625,16555.69921875,16460.099609375,16536.94921875,4500
2024-12-12,^NSEMDCP50,NIFTY MIDCAP 50,16540.05078125,16570.400390625,16433.05078125,16463.849609375,6400
2024-12-13,^NSEMDCP50,NIFTY MIDCAP 50,16425.05078125,16464.599609375,16193.900390625,16456.25,7900
2024-12-16,^NSEMDCP50,NIFTY MIDCAP 50,16505.44921875,16585.099609375,16489.75,16572.900390625,4000
2024-12-17,^NSEMDCP50,NIFTY MIDCAP 50,16574.099609375,16623.599609375,16461.44921875,16490.05078125,7200
2024-12-18,^NSEMDCP50,NIFTY MIDCAP 50,16481.94921875,16499.099609375,16317.7001953125,16381.349609375,6800
2024-12-19,^NSEMDCP50,NIFTY MIDCAP 50,16120.2001953125,16336.75,16085.25,16322.75,5300
2024-12-20,^NSEMDCP50,NIFTY MIDCAP 50,16372.349609375,16393.150390625,15854.349609375,15881.099609375,7000
2024-12-23,^NSEMDCP50,NIFTY MIDCAP 50,15962.2001953125,16069.25,15848.25,15955.25,5100
2024-12-24,^NSEMDCP50,NIFTY MIDCAP 50,15976.2998046875,16014.7998046875,15862.75,15926.7998046875,4700
2024-12-26,^NSEMDCP50,NIFTY MIDCAP 50,15957.5,15995.0498046875,15815.7001953125,15962.9501953125,500
2024-12-27,^NSEMDCP50,NIFTY MIDCAP 50,16002.0,16025.0498046875,15911.400390625,15919.400390625,3500
2024-12-30,^NSEMDCP50,NIFTY MIDCAP 50,15915.2001953125,16065.5,15817.849609375,16030.349609375,11000
2024-12-31,^NSEMDCP50,NIFTY MIDCAP 50,15933.099609375,16042.0,15788.4501953125,15974.099609375,6700
2025-01-02,^NSEMDCP50,NIFTY MIDCAP 50,16090.25,16264.599609375,16033.2998046875,16241.9501953125,6900
2025-01-03,^NSEMDCP50,NIFTY MIDCAP 50,16265.25,16299.2998046875,16155.4501953125,16181.599609375,7300
2025-01-06,^NSEMDCP50,NIFTY MIDCAP 50,16227.900390625,16230.7998046875,15698.5498046875,15748.2998046875,7800
2025-01-07,^NSEMDCP50,NIFTY MIDCAP 50,15780.9501953125,15959.650390625,15778.7001953125,15868.0498046875,6300
2025-01-08,^NSEMDCP50,NIFTY MIDCAP 50,15905.75,15909.5,15506.599609375,15692.2001953125,5800
2025-01-09,^NSEMDCP50,NIFTY MIDCAP 50,15720.349609375,15776.900390625,15552.150390625,15574.75,5700
2025-01-10,^NSEMDCP50,NIFTY MIDCAP 50,15549.900390625,15577.9501953125,15247.650390625,15266.4501953125,6300
2025-01-13,^NSEMDCP50,NIFTY MIDCAP 50,15076.9501953125,15111.2998046875,14618.2998046875,14650.099609375,10200
2025-01-14,^NSEMDCP50,NIFTY MIDCAP 50,14705.150390625,15019.7001953125,14703.5,14970.099609375,8800
2025-01-15,^NSEMDCP50,NIFTY MIDCAP 50,15037.400390625,15169.150390625,14914.7001953125,15038.400390625,16900
2025-01-16,^NSEMDCP50,NIFTY MIDCAP 50,15189.849609375,15243.599609375,15111.7001953125,15131.5,7900
2025-01-17,^NSEMDCP50,NIFTY MIDCAP 50,15147.7998046875,15192.900390625,15034.2998046875,15139.650390625,7200
2025-01-20,^NSEMDCP50,NIFTY MIDCAP 50,15242.2001953125,15344.25,15059.900390625,15298.4501953125,20500
2025-01-21,^NSEMDCP50,NIFTY MIDCAP 50,15324.2998046875,15328.4501953125,14944.400390625,14963.0,8500
2025-01-22,^NSEMDCP50,NIFTY MIDCAP 50,14992.5,15019.0,14570.599609375,14774.75,6700
2025-01-23,^NSEMDCP50,NIFTY MIDCAP 50,14795.5498046875,15059.25,14759.5,15008.2001953125,6100
2025-01-24,^NSEMDCP50,NIFTY MIDCAP 50,15030.5498046875,15065.7001953125,14771.5498046875,14827.0,5700
2025-01-27,^NSEMDCP50,NIFTY MIDCAP 50,14682.0498046875,14686.7998046875,14392.150390625,14427.0498046875,8500
2025-01-28,^NSEMDCP50,NIFTY MIDCAP 50,14445.0498046875,14501.75,14183.400390625,14341.400390625,7800
2025-01-29,^NSEMDCP50,NIFTY MIDCAP 50,14368.75,14684.9501953125,14366.75,14671.25,5000
2025-01-30,^NSEMDCP50,NIFTY MIDCAP 50,14738.25,14796.2998046875,14635.4501953125,14674.0498046875,5700
2025-01-31,^NSEMDCP50,NIFTY MIDCAP 50,14713.75,14982.0,14657.0,14948.099609375,7000
2025-02-03,^NSEMDCP50,NIFTY MIDCAP 50,14835.650390625,14864.25,14653.099609375,14828.5,7300
2025-02-04,^NSEMDCP50,NIFTY MIDCAP 50,14929.25,15102.599609375,14922.7998046875,15070.0,6600
2025-02-05,^NSEMDCP50,NIFTY MIDCAP 50,15126.900390625,15258.650390625,15111.25,15155.9501953125,6000
2025-02-06,^NSEMDCP50,NIFTY MIDCAP 50,15223.650390625,15238.150390625,14927.400390625,14961.900390625,4400
2025-02-07,^NSEMDCP50,NIFTY MIDCAP 50,14984.650390625,15098.599609375,14840.4501953125,15010.099609375,8700
2025-02-10,^NSEMDCP50,NIFTY MIDCAP 50,15012.7998046875,15027.0498046875,14630.599609375,14671.2001953125,4700
2025-02-11,^NSEMDCP50,NIFTY MIDCAP 50,14681.599609375,14689.900390625,14139.7001953125,14253.599609375,5000
2025-02-12,^NSEMDCP50,NIFTY MIDCAP 50,14228.2001953125,14297.0498046875,13833.4501953125,14218.5,9400
2025-02-13,^NSEMDCP50,NIFTY MIDCAP 50,14246.2998046875,14438.9501953125,14212.900390625,14257.0498046875,9800
2025-02-14,^NSEMDCP50,NIFTY MIDCAP 50,14303.650390625,14328.7998046875,13770.650390625,13927.349609375,7700
2025-02-17,^NSEMDCP50,NIFTY MIDCAP 50,13832.0498046875,14022.5498046875,13613.900390625,13996.849609375,7200
2025-02-18,^NSEMDCP50,NIFTY MIDCAP 50,14013.75,14037.849609375,13828.2001953125,13996.75,5800
2025-02-19,^NSEMDCP50,NIFTY MIDCAP 50,13911.400390625,14208.099609375,13834.0,14162.75,5700
2025-02-20,^NSEMDCP50,NIFTY MIDCAP 50,14132.5,14337.75,14074.849609375,14323.0498046875,4000
2025-02-21,^NSEMDCP50,NIFTY MIDCAP 50,14315.349609375,14410.650390625,14088.650390625,14142.5,5500
2025-02-24,^NSEMDCP50,NIFTY MIDCAP 50,14017.0,14053.400390625,13895.9501953125,14022.0498046875,4900
2025-02-25,^NSEMDCP50,NIFTY MIDCAP 50,13997.849609375,14099.599609375,13910.5498046875,13942.2001953125,3900
2025-02-27,^NSEMDCP50,NIFTY MIDCAP 50,13954.349609375,13978.7001953125,13763.650390625,13824.4501953125,6400
2025-02-28,^NSEMDCP50,NIFTY MIDCAP 50,13726.0498046875,13732.5498046875,13428.75,13540.150390625,9600
2025-03-03,^NSEMDCP50,NIFTY MIDCAP 50,13553.0498046875,13635.599609375,13274.400390625,13602.849609375,8300
2025-03-04,^NSEMDCP50,NIFTY MIDCAP 50,13445.400390625,13669.599609375,13337.75,13594.5498046875,7200
2025-03-05,^NSEMDCP50,NIFTY MIDCAP 50,13546.599609375,13948.5,13546.599609375,13936.7001953125,7400
2025-03-06,^NSEMDCP50,NIFTY MIDCAP 50,14067.9501953125,14106.25,13960.400390625,13983.2001953125,5800
2025-03-07,^NSEMDCP50,NIFTY MIDCAP 50,13975.4501953125,14066.849609375,13891.0,13922.099609375,6200
2025-03-10,^NSEMDCP50,NIFTY MIDCAP 50,13939.0498046875,14027.7998046875,13661.0,13708.400390625,7400
2025-03-11,^NSEMDCP50,NIFTY MIDCAP 50,13590.400390625,13867.650390625,13544.2001953125,13835.75,6400
2025-03-12,^NSEMDCP50,NIFTY MIDCAP 50,13873.2001953125,13910.7001953125,13567.349609375,13743.650390625,8500
2025-03-13,^NSEMDCP50,NIFTY MIDCAP 50,13798.25,13809.2001953125,13604.7998046875,13632.849609375,6500
2025-03-17,^NSEMDCP50,NIFTY MIDCAP 50,13646.0498046875,13797.650390625,13640.75,13752.349609375,5800
2025-03-18,^NSEMDCP50,NIFTY MIDCAP 50,13827.4501953125,14059.900390625,13794.150390625,14041.2998046875,5700
2025-03-19,^NSEMDCP50,NIFTY MIDCAP 50,14109.900390625,14412.25,14087.7001953125,14389.75,10700
2025-03-20,^NSEMDCP50,NIFTY MIDCAP 50,14483.400390625,14501.2998046875,14333.150390625,14479.75,7700
2025-03-21,^NSEMDCP50,NIFTY MIDCAP 50,14474.2998046875,14652.2998046875,14428.75,14630.150390625,11500
2025-03-24,^NSEMDCP50,NIFTY MIDCAP 50,14745.25,14897.7001953125,14691.7001953125,14829.7998046875,8300
2025-03-25,^NSEMDCP50,NIFTY MIDCAP 50,14921.849609375,14929.4501953125,14594.2001953125,14659.2001953125,8000
2025-03-26,^NSEMDCP50,NIFTY MIDCAP 50,14670.0498046875,14774.2998046875,14546.0498046875,14567.0498046875,9000
2025-03-27,^NSEMDCP50,NIFTY MIDCAP 50,14493.5,14628.349609375,14462.7001953125,14591.7001953125,15600
2025-03-28,^NSEMDCP50,NIFTY MIDCAP 50,14669.7998046875,14770.75,14490.4501953125,14561.599609375,11600
2025-04-01,^NSEMDCP50,NIFTY MIDCAP 50,14556.75,14683.4501953125,14393.5,14421.7001953125,26400
2025-04-02,^NSEMDCP50,NIFTY MIDCAP 50,14466.650390625,14672.5,14353.849609375,14665.9501953125,12000
2025-04-03,^NSEMDCP50,NIFTY MIDCAP 50,14535.599609375,14702.25,14503.650390625,14659.900390625,9200
2025-04-04,^NSEMDCP50,NIFTY MIDCAP 50,14634.099609375,14637.849609375,14169.7001953125,14238.75,8900
2025-04-07,^NSEMDCP50,NIFTY MIDCAP 50,13269.650390625,13821.2001953125,13269.650390625,13756.599609375,11600
2025-04-08,^NSEMDCP50,NIFTY MIDCAP 50,14058.0498046875,14162.349609375,13879.0,14064.25,9200
2025-04-09,^NSEMDCP50,NIFTY MIDCAP 50,14028.7998046875,14080.9501953125,13825.349609375,14031.599609375,8000
2025-04-11,^NSEMDCP50,NIFTY MIDCAP 50,14262.849609375,14312.2998046875,14140.2998046875,14267.900390625,8700
2025-04-15,^NSEMDCP50,NIFTY MIDCAP 50,14520.0,14688.099609375,14420.150390625,14660.900390625,7800
2025-04-16,^NSEMDCP50,NIFTY MIDCAP 50,14694.25,14745.150390625,14622.2001953125,14736.900390625,6800
2025-04-17,^NSEMDCP50,NIFTY MIDCAP 50,14710.900390625,14840.75,14644.25,14829.25,8400
2025-04-21,^NSEMDCP50,NIFTY MIDCAP 50,14910.75,15206.4501953125,14865.9501953125,15191.900390625,1500
2025-04-22,^NSEMDCP50,NIFTY MIDCAP 50,15242.4501953125,15423.2001953125,15171.75,15352.2001953125,8400
2025-04-23,^NSEMDCP50,NIFTY MIDCAP 50,15466.0498046875,15551.75,15272.9501953125,15540.150390625,8600
2025-04-24,^NSEMDCP50,NIFTY MIDCAP 50,15552.599609375,15585.75,15488.75,15513.7998046875,7500
2025-04-25,^NSEMDCP50,NIFTY MIDCAP 50,15553.650390625,15592.7998046875,15015.5,15137.5,22500
2025-04-28,^NSEMDCP50,NIFTY MIDCAP 50,15127.75,15414.349609375,15123.9501953125,15404.9501953125,6300
2025-04-29,^NSEMDCP50,NIFTY MIDCAP 50,15444.900390625,15559.2998046875,15409.7001953125,15442.2998046875,7100
2025-04-30,^NSEMDCP50,NIFTY MIDCAP 50,15458.2001953125,15521.400390625,15247.7998046875,15314.099609375,6400
2025-05-02,^NSEMDCP50,NIFTY MIDCAP 50,15269.849609375,15441.0,15133.7001953125,15176.349609375,6100
2025-05-05,^NSEMDCP50,NIFTY MIDCAP 50,15251.25,15463.75,15246.25,15448.900390625,5300
2025-05-06,^NSEMDCP50,NIFTY MIDCAP 50,15487.900390625,15506.5498046875,15096.7998046875,15120.7001953125,10300
2025-05-07,^NSEMDCP50,NIFTY MIDCAP 50,14945.5,15418.75,14942.0,15407.400390625,7700
2025-05-08,^NSEMDCP50,NIFTY MIDCAP 50,15458.099609375,15494.900390625,15016.349609375,15098.849609375,7900
2025-05-09,^NSEMDCP50,NIFTY MIDCAP 50,14785.0498046875,15128.2998046875,14783.900390625,15097.5498046875,13500
2025-05-12,^NSEMDCP50,NIFTY MIDCAP 50,15516.5498046875,15732.75,15476.5,15723.150390625,11500
2025-05-13,^NSEMDCP50,NIFTY MIDCAP 50,15746.0,15822.2001953125,15677.400390625,15729.2001953125,8400
2025-05-14,^NSEMDCP50,NIFTY MIDCAP 50,15756.2998046875,15871.099609375,15698.099609375,15848.599609375,7900
2025-05-15,^NSEMDCP50,NIFTY MIDCAP 50,15902.75,15953.9501953125,15816.0,15931.849609375,11700
2025-05-16,^NSEMDCP50,NIFTY MIDCAP 50,15995.25,16084.7001953125,15933.75,16043.650390625,10900
2025-05-19,^NSEMDCP50,NIFTY MIDCAP 50,16081.2998046875,16146.0498046875,15974.099609375,16044.099609375,20300
2025-05-20,^NSEMDCP50,NIFTY MIDCAP 50,16123.4501953125,16131.25,15771.599609375,15797.599609375,11700
2025-05-21,^NSEMDCP50,NIFTY MIDCAP 50,15823.75,15939.5,15739.150390625,15888.0,8200
2025-05-22,^NSEMDCP50,NIFTY MIDCAP 50,15851.25,15851.4501953125,15671.150390625,15759.25,6700
2025-05-23,^NSEMDCP50,NIFTY MIDCAP 50,15791.5498046875,15902.9501953125,15737.4501953125,15882.0,5100
2025-05-26,^NSEMDCP50,NIFTY MIDCAP 50,15940.849609375,16006.900390625,15929.5498046875,15970.4501953125,8300
2025-05-27,^NSEMDCP50,NIFTY MIDCAP 50,15980.900390625,16009.7001953125,15875.7001953125,15973.5498046875,6600
2025-05-28,^NSEMDCP50,NIFTY MIDCAP 50,16011.75,16051.400390625,15910.2998046875,15929.7998046875,8900
2025-05-29,^NSEMDCP50,NIFTY MIDCAP 50,16009.400390625,16071.0498046875,15923.099609375,16041.4501953125,6300
2025-05-30,^NSEMDCP50,NIFTY MIDCAP 50,16058.7998046875,16096.75,15949.900390625,15998.900390625,11600
2025-06-02,^NSEMDCP50,NIFTY MIDCAP 50,15980.2001953125,16128.9501953125,15922.650390625,16114.349609375,12100
2025-06-03,^NSEMDCP50,NIFTY MIDCAP 50,16187.25,16187.349609375,16034.2001953125,16052.5498046875,23000
2025-06-04,^NSEMDCP50,NIFTY MIDCAP 50,16090.900390625,16209.4501953125,15995.849609375,16195.400390625,9200
2025-06-05,^NSEMDCP50,NIFTY MIDCAP 50,16259.0,16341.75,16217.0,16296.650390625,6100
2025-06-06,^NSEMDCP50,NIFTY MIDCAP 50,16348.2001953125,16582.5,16307.900390625,16569.599609375,8000
2025-06-09,^NSEMDCP50,NIFTY MIDCAP 50,16675.69921875,16767.55078125,16647.5,16755.25,9300
2025-06-10,^NSEMDCP50,NIFTY MIDCAP 50,16820.849609375,16836.900390625,16726.900390625,16749.150390625,5500
2025-06-11,^NSEMDCP50,NIFTY MIDCAP 50,16789.650390625,16810.19921875,16618.25,16683.30078125,8200
2025-06-12,^NSEMDCP50,NIFTY MIDCAP 50,16685.900390625,16689.19921875,16404.150390625,16438.05078125,6700
2025-06-13,^NSEMDCP50,NIFTY MIDCAP 50,16119.5498046875,16417.900390625,16119.5498046875,16391.900390625,7600
2025-06-16,^NSEMDCP50,NIFTY MIDCAP 50,16385.25,16558.650390625,16238.099609375,16545.69921875,7800
2025-06-17,^NSEMDCP50,NIFTY MIDCAP 50,16577.94921875,16619.400390625,16421.5,16447.400390625,5100
2025-06-18,^NSEMDCP50,NIFTY MIDCAP 50,16395.80078125,16506.25,16328.2998046875,16367.849609375,5100
2025-06-19,^NSEMDCP50,NIFTY MIDCAP 50,16391.55078125,16397.75,16071.5498046875,16102.0,9000
2025-06-20,^NSEMDCP50,NIFTY MIDCAP 50,16100.599609375,16391.25,16096.9501953125,16357.25,9000
2025-06-23,^NSEMDCP50,NIFTY MIDCAP 50,16245.0,16465.150390625,16215.349609375,16420.80078125,5400
2025-06-24,^NSEMDCP50,NIFTY MIDCAP 50,16609.849609375,16649.25,16523.05078125,16557.5,13400
2025-06-25,^NSEMDCP50,NIFTY MIDCAP 50,16623.75,16650.349609375,16577.650390625,16634.25,13000
2025-06-26,^NSEMDCP50,NIFTY MIDCAP 50,16679.900390625,16753.44921875,16590.75,16745.05078125,12100
2025-06-27,^NSEMDCP50,NIFTY MIDCAP 50,16798.400390625,16877.55078125,16746.75,16760.94921875,11800
2025-06-30,^NSEMDCP50,NIFTY MIDCAP 50,16844.80078125,16863.400390625,16768.599609375,16846.19921875,8000
2025-07-01,^NSEMDCP50,NIFTY MIDCAP 50,16881.0,16894.900390625,16754.44921875,16851.55078125,10400
2025-07-02,^NSEMDCP50,NIFTY MIDCAP 50,16841.25,16883.849609375,16739.69921875,16840.19921875,9700
2025-07-03,^NSEMDCP50,NIFTY MIDCAP 50,16884.75,16941.099609375,16838.650390625,16860.80078125,9600
2025-07-04,^NSEMDCP50,NIFTY MIDCAP 50,16896.94921875,16910.650390625,16741.25,16841.150390625,6100
2025-07-07,^NSEMDCP50,NIFTY MIDCAP 50,16851.05078125,16878.69921875,16778.099609375,16811.150390625,5000
2025-07-08,^NSEMDCP50,NIFTY MIDCAP 50,16820.150390625,16847.80078125,16644.0,16776.099609375,6600
2025-07-09,^NSEMDCP50,NIFTY MIDCAP 50,16801.25,16824.80078125,16721.75,16753.150390625,5400
2025-07-10,^NSEMDCP50,NIFTY MIDCAP 50,16776.05078125,16791.05078125,16622.900390625,16675.650390625,4700
2025-07-11,^NSEMDCP50,NIFTY MIDCAP 50,16661.44921875,16675.30078125,16445.150390625,16482.900390625,5300
2025-07-14,^NSEMDCP50,NIFTY MIDCAP 50,16528.349609375,16639.80078125,16452.0,16620.30078125,11800
2025-07-15,^NSEMDCP50,NIFTY MIDCAP 50,16652.900390625,16800.0,16616.94921875,16783.80078125,6500
2025-07-16,^NSEMDCP50,NIFTY MIDCAP 50,16808.5,16828.05078125,16745.75,16776.25,8600
2025-07-17,^NSEMDCP50,NIFTY MIDCAP 50,16825.94921875,16830.19921875,16730.69921875,16747.44921875,5200
2025-07-18,^NSEMDCP50,NIFTY MIDCAP 50,16764.599609375,16776.25,16592.19921875,16645.400390625,5200
2025-07-21,^NSEMDCP50,NIFTY MIDCAP 50,16641.650390625,16774.94921875,16574.75,16752.599609375,4900
2025-07-22,^NSEMDCP50,NIFTY MIDCAP 50,16808.80078125,16814.150390625,16604.650390625,16621.150390625,5100
2025-07-23,^NSEMDCP50,NIFTY MIDCAP 50,16648.849609375,16702.5,16544.75,16694.150390625,4800
2025-07-24,^NSEMDCP50,NIFTY MIDCAP 50,16685.05078125,16686.900390625,16529.849609375,16566.849609375,4700
2025-07-25,^NSEMDCP50,NIFTY MIDCAP 50,16519.0,16567.94921875,16299.7001953125,16334.5498046875,5200
2025-07-28,^NSEMDCP50,NIFTY MIDCAP 50,16300.5,16492.650390625,16203.2001953125,16254.4501953125,6200
2025-07-29,^NSEMDCP50,NIFTY MIDCAP 50,16227.5498046875,16406.5,16216.599609375,16386.150390625,4800
2025-07-30,^NSEMDCP50,NIFTY MIDCAP 50,16405.25,16409.150390625,16295.25,16367.75,4700
2025-07-31,^NSEMDCP50,NIFTY MIDCAP 50,16170.2998046875,16315.25,16101.9501953125,16212.4501953125,6100
2025-08-01,^NSEMDCP50,NIFTY MIDCAP 50,16210.849609375,16222.2001953125,15937.7998046875,15963.150390625,6900
2025-08-04,^NSEMDCP50,NIFTY MIDCAP 50,15958.599609375,16187.650390625,15918.25,16177.75,6600
2025-08-05,^NSEMDCP50,NIFTY MIDCAP 50,16180.349609375,16186.75,16020.7998046875,16084.5,6800
2025-08-06,^NSEMDCP50,NIFTY MIDCAP 50,16126.9501953125,16126.9501953125,15868.5498046875,15955.650390625,4300
2025-08-07,^NSEMDCP50,NIFTY MIDCAP 50,15866.2998046875,16063.2001953125,15768.7998046875,16034.0498046875,5100
2025-08-08,^NSEMDCP50,NIFTY MIDCAP 50,16085.900390625,16086.349609375,15763.5498046875,15785.599609375,5600
2025-08-11,^NSEMDCP50,NIFTY MIDCAP 50,15775.099609375,15945.25,15717.0498046875,15922.25,4500
2025-08-12,^NSEMDCP50,NIFTY MIDCAP 50,15933.849609375,15962.650390625,15844.150390625,15856.0498046875,4500
2025-08-13,^NSEMDCP50,NIFTY MIDCAP 50,15929.650390625,16033.0498046875,15926.599609375,15996.599609375,6700
2025-08-14,^NSEMDCP50,NIFTY MIDCAP 50,16038.7001953125,16061.7001953125,15885.400390625,15926.150390625,7700
2025-08-18,^NSEMDCP50,NIFTY MIDCAP 50,16092.75,16215.650390625,16076.75,16136.9501953125,9400
2025-08-19,^NSEMDCP50,NIFTY MIDCAP 50,16177.4501953125,16314.150390625,16091.900390625,16299.349609375,5500
2025-08-20,^NSEMDCP50,NIFTY MIDCAP 50,16299.400390625,16419.849609375,16253.900390625,16392.349609375,7400
2025-08-21,^NSEMDCP50,NIFTY MIDCAP 50,16441.099609375,16456.44921875,16308.650390625,16316.599609375,5200
2025-08-22,^NSEMDCP50,NIFTY MIDCAP 50,16341.5,16372.150390625,16285.75,16306.849609375,18100
2025-08-25,^NSEMDCP50,NIFTY MIDCAP 50,16364.349609375,16406.44921875,16322.9501953125,16332.7001953125,15200
2025-08-26,^NSEMDCP50,NIFTY MIDCAP 50,16269.349609375,16289.650390625,15994.849609375,16020.400390625,17000
2025-08-28,^NSEMDCP50,NIFTY MIDCAP 50,16034.0498046875,16034.150390625,15805.4501953125,15817.349609375,8500
2025-08-29,^NSEMDCP50,NIFTY MIDCAP 50,15800.7001953125,15908.25,15696.5,15714.75,10600
2025-09-01,^NSEMDCP50,NIFTY MIDCAP 50,15762.349609375,16042.2998046875,15757.650390625,16033.5498046875,6400
2025-09-02,^NSEMDCP50,NIFTY MIDCAP 50,16080.5,16144.5498046875,15972.5498046875,16068.900390625,5500
2025-09-03,^NSEMDCP50,NIFTY MIDCAP 50,16087.349609375,16172.2001953125,16039.599609375,16156.2001953125,8700
2025-09-04,^NSEMDCP50,NIFTY MIDCAP 50,16334.400390625,16334.400390625,16047.5498046875,16069.099609375,10700
2025-09-05,^NSEMDCP50,NIFTY MIDCAP 50,16125.7998046875,16198.599609375,15987.650390625,16091.900390625,19500
2025-09-08,^NSEMDCP50,NIFTY MIDCAP 50,16149.599609375,16244.0,16101.5498046875,16163.349609375,10000
2025-09-09,^NSEMDCP50,NIFTY MIDCAP 50,16198.25,16227.650390625,16132.0,16208.0498046875,10300
2025-09-10,^NSEMDCP50,NIFTY MIDCAP 50,16305.0498046875,16395.44921875,16293.349609375,16361.7001953125,11100
2025-09-11,^NSEMDCP50,NIFTY MIDCAP 50,16390.099609375,16425.349609375,16337.099609375,16377.0,9000
2025-09-12,^NSEMDCP50,NIFTY MIDCAP 50,16443.650390625,16470.349609375,16408.19921875,16430.05078125,14200
2025-09-15,^NSEMDCP50,NIFTY MIDCAP 50,16464.099609375,16526.150390625,16434.19921875,16507.05078125,21500
2025-09-16,^NSEMDCP50,NIFTY MIDCAP 50,16533.349609375,16614.5,16489.599609375,16600.44921875,10500
2025-09-17,^NSEMDCP50,NIFTY MIDCAP 50,16645.349609375,16673.150390625,16559.349609375,16597.900390625,8000
2025-09-18,^NSEMDCP50,NIFTY MIDCAP 50,16654.849609375,16672.69921875,16556.55078125,16658.900390625,8000
2025-09-19,^NSEMDCP50,NIFTY MIDCAP 50,16667.94921875,16697.849609375,16622.099609375,16633.900390625,30300
2025-09-22,^NSEMDCP50,NIFTY MIDCAP 50,16590.150390625,16645.75,16470.900390625,16511.44921875,11300
2025-09-23,^NSEMDCP50,NIFTY MIDCAP 50,16534.94921875,16552.75,16427.650390625,16489.849609375,15500
2025-09-24,^NSEMDCP50,NIFTY MIDCAP 50,16476.099609375,16499.349609375,16299.75,16313.75,9200
2025-09-25,^NSEMDCP50,NIFTY MIDCAP 50,16323.75,16370.650390625,16179.0498046875,16205.349609375,10000
2025-09-26,^NSEMDCP50,NIFTY MIDCAP 50,16175.5,16198.349609375,15889.400390625,15902.2998046875,18300
2025-09-29,^NSEMDCP50,NIFTY MIDCAP 50,15958.2001953125,16051.150390625,15899.0498046875,15948.599609375,10300
2025-09-30,^NSEMDCP50,NIFTY MIDCAP 50,15995.900390625,16021.150390625,15850.9501953125,15945.400390625,8300
2025-10-01,^NSEMDCP50,NIFTY MIDCAP 50,15961.599609375,16098.2001953125,15914.5,16084.0498046875,10000
2025-10-03,^NSEMDCP50,NIFTY MIDCAP 50,16105.849609375,16215.9501953125,16062.25,16199.849609375,9800
2025-10-06,^NSEMDCP50,NIFTY MIDCAP 50,16210.2998046875,16407.099609375,16209.900390625,16402.69921875,15400
2025-10-07,^NSEMDCP50,NIFTY MIDCAP 50,16429.25,16494.5,16391.400390625,16474.0,17300
2025-10-08,^NSEMDCP50,NIFTY MIDCAP 50,16468.0,16518.150390625,16332.650390625,16352.900390625,13000
2025-10-09,^NSEMDCP50,NIFTY MIDCAP 50,16390.400390625,16536.099609375,16365.2001953125,16522.400390625,3400
2025-10-10,^NSEMDCP50,NIFTY MIDCAP 50,16542.55078125,16655.25,16510.0,16615.150390625,7500
2025-10-13,^NSEMDCP50,NIFTY MIDCAP 50,16570.349609375,16669.25,16524.650390625,16653.900390625,4300
2025-10-14,^NSEMDCP50,NIFTY MIDCAP 50,16707.30078125,16721.900390625,16477.400390625,16500.25,3400
2025-10-15,^NSEMDCP50,NIFTY MIDCAP 50,16555.150390625,16706.5,16545.05078125,16678.150390625,2800
2025-10-16,^NSEMDCP50,NIFTY MIDCAP 50,16727.650390625,16795.599609375,16674.55078125,16766.599609375,2600
2025-10-17,^NSEMDCP50,NIFTY MIDCAP 50,16770.599609375,16790.30078125,16623.150390625,16668.75,5300
2025-10-20,^NSEMDCP50,NIFTY MIDCAP 50,16747.19921875,16858.69921875,16743.25,16812.599609375,4700
2025-10-21,^NSEMDCP50,NIFTY MIDCAP 50,16879.599609375,16892.0,16786.0,16814.25,800
2025-10-23,^NSEMDCP50,NIFTY MIDCAP 50,16893.94921875,16946.44921875,16770.19921875,16799.0,4600
2025-10-24,^NSEMDCP50,NIFTY MIDCAP 50,16824.94921875,16878.30078125,16687.349609375,16736.80078125,3000
2025-10-27,^NSEMDCP50,NIFTY MIDCAP 50,16807.30078125,16921.30078125,16781.05078125,16913.25,2800
2025-10-28,^NSEMDCP50,NIFTY MIDCAP 50,16923.19921875,16946.44921875,16858.69921875,16931.25,4200
2025-10-29,^NSEMDCP50,NIFTY MIDCAP 50,16944.599609375,17057.80078125,16897.25,17034.44921875,4000
2025-10-30,^NSEMDCP50,NIFTY MIDCAP 50,17092.30078125,17093.5,16962.55078125,17052.25,4100
2025-10-31,^NSEMDCP50,NIFTY MIDCAP 50,17073.5,17119.25,16992.099609375,17006.30078125,5600
2025-11-03,^NSEMDCP50,NIFTY MIDCAP 50,17012.30078125,17173.69921875,16989.30078125,17135.650390625,400
2025-11-04,^NSEMDCP50,NIFTY MIDCAP 50,17137.349609375,17145.69921875,17030.0,17048.80078125,6300
2025-11-06,^NSEMDCP50,NIFTY MIDCAP 50,17069.150390625,17082.849609375,16908.5,16931.349609375,4000
2025-11-07,^NSEMDCP50,NIFTY MIDCAP 50,16887.69921875,17053.94921875,16741.05078125,17030.900390625,3900
2025-11-10,^NSEMDCP50,NIFTY MIDCAP 50,17051.80078125,17152.150390625,17019.349609375,17097.44921875,2700
2025-11-11,^NSEMDCP50,NIFTY MIDCAP 50,17137.150390625,17208.349609375,17011.19921875,17196.599609375,2800
2025-11-12,^NSEMDCP50,NIFTY MIDCAP 50,17289.599609375,17385.900390625,17276.69921875,17339.650390625,3400
2025-11-13,^NSEMDCP50,NIFTY MIDCAP 50,17362.44921875,17415.94921875,17256.400390625,17281.30078125,3100
2025-11-14,^NSEMDCP50,NIFTY MIDCAP 50,17293.69921875,17366.80078125,17220.349609375,17299.69921875,2700
2025-11-17,^NSEMDCP50,NIFTY MIDCAP 50,17374.25,17454.69921875,17347.0,17444.5,3400
2025-11-18,^NSEMDCP50,NIFTY MIDCAP 50,17445.19921875,17446.900390625,17327.150390625,17337.650390625,3700
2025-11-19,^NSEMDCP50,NIFTY MIDCAP 50,17349.650390625,17408.599609375,17283.19921875,17376.80078125,2600
2025-11-20,^NSEMDCP50,NIFTY MIDCAP 50,17448.599609375,17454.599609375,17354.400390625,17376.349609375,2500
2025-11-21,^NSEMDCP50,NIFTY MIDCAP 50,17364.55078125,17367.69921875,17183.0,17204.349609375,2700
2025-11-24,^NSEMDCP50,NIFTY MIDCAP 50,17226.55078125,17253.099609375,17065.349609375,17092.55078125,5900
2025-11-25,^NSEMDCP50,NIFTY MIDCAP 50,17112.05078125,17205.94921875,17081.099609375,17188.94921875,3100
2025-11-26,^NSEMDCP50,NIFTY MIDCAP 50,17237.44921875,17434.55078125,17196.150390625,17424.099609375,2700
2025-11-27,^NSEMDCP50,NIFTY MIDCAP 50,17469.25,17483.75,17374.849609375,17451.69921875,3000
2025-11-28,^NSEMDCP50,NIFTY MIDCAP 50,17476.900390625,17482.25,17402.75,17423.05078125,2700
2025-12-01,^NSEMDCP50,NIFTY MIDCAP 50,17485.599609375,17498.55078125,17369.44921875,17422.69921875,2900
2025-12-02,^NSEMDCP50,NIFTY MIDCAP 50,17430.5,17488.900390625,17339.0,17382.099609375,4200
2025-12-03,^NSEMDCP50,NIFTY MIDCAP 50,17396.05078125,17403.599609375,17176.650390625,17215.349609375,3100
2025-12-04,^NSEMDCP50,NIFTY MIDCAP 50,17240.80078125,17330.19921875,17224.650390625,17252.349609375,3300
2025-12-05,^NSEMDCP50,NIFTY MIDCAP 50,17253.80078125,17400.55078125,17210.25,17383.0,2800
2025-12-08,^NSEMDCP50,NIFTY MIDCAP 50,17385.75,17416.80078125,17010.650390625,17085.650390625,3200
2025-12-09,^NSEMDCP50,NIFTY MIDCAP 50,17040.75,17147.5,16813.80078125,17110.25,3000
2025-12-10,^NSEMDCP50,NIFTY MIDCAP 50,17147.400390625,17201.19921875,16891.80078125,16918.75,2300
2025-12-11,^NSEMDCP50,NIFTY MIDCAP 50,16916.19921875,17110.5,16883.19921875,17089.75,2000
2025-12-12,^NSEMDCP50,NIFTY MIDCAP 50,17140.69921875,17291.400390625,17125.05078125,17276.19921875,3300
2025-12-15,^NSEMDCP50,NIFTY MIDCAP 50,17249.5,17274.400390625,17136.30078125,17262.69921875,2600
2025-12-16,^NSEMDCP50,NIFTY MIDCAP 50,17251.80078125,17253.099609375,17071.75,17114.5,2300
2025-12-17,^NSEMDCP50,NIFTY MIDCAP 50,17109.5,17160.80078125,16964.69921875,17006.849609375,1900
2025-12-18,^NSEMDCP50,NIFTY MIDCAP 50,17021.55078125,17113.94921875,16895.94921875,17091.849609375,1900
2025-12-19,^NSEMDCP50,NIFTY MIDCAP 50,17116.19921875,17278.400390625,17087.19921875,17265.849609375,3400
2025-12-22,^NSEMDCP50,NIFTY MIDCAP 50,17313.80078125,17422.25,17275.94921875,17397.900390625,2200
2025-12-23,^NSEMDCP50,NIFTY MIDCAP 50,17413.099609375,17421.69921875,17321.30078125,17389.30078125,2400
2025-12-24,^NSEMDCP50,NIFTY MIDCAP 50,17402.599609375,17436.05078125,17235.599609375,17248.19921875,2100
2025-12-26,^NSEMDCP50,NIFTY MIDCAP 50,17245.19921875,17327.5,17164.650390625,17183.30078125,2000
2025-12-29,^NSEMDCP50,NIFTY MIDCAP 50,17198.05078125,17230.05078125,17074.75,17096.900390625,2400
2025-12-30,^NSEMDCP50,NIFTY MIDCAP 50,17092.05078125,17112.30078125,17018.69921875,17059.0,7300
2025-12-31,^NSEMDCP50,NIFTY MIDCAP 50,17104.0,17303.19921875,17102.75,17254.05078125,2700
2026-01-02,^NSEMDCP50,NIFTY MIDCAP 50,17390.150390625,17514.0,17350.80078125,17505.69921875,3700
2026-01-05,^NSEMDCP50,NIFTY MIDCAP 50,17554.69921875,17555.94921875,17395.05078125,17482.30078125,3600
2026-01-06,^NSEMDCP50,NIFTY MIDCAP 50,17499.5,17519.349609375,17392.94921875,17471.349609375,2900
2026-01-07,^NSEMDCP50,NIFTY MIDCAP 50,17480.25,17572.44921875,17443.55078125,17534.349609375,4300
2026-01-08,^NSEMDCP50,NIFTY MIDCAP 50,17530.650390625,17536.150390625,17199.30078125,17215.44921875,4600
2026-01-09,^NSEMDCP50,NIFTY MIDCAP 50,17209.599609375,17311.0,17031.80078125,17096.5,4900
2026-01-12,^NSEMDCP50,NIFTY MIDCAP 50,17100.55078125,17134.94921875,16842.0,17085.400390625,3700
2026-01-13,^NSEMDCP50,NIFTY MIDCAP 50,17147.849609375,17193.099609375,16886.849609375,17034.0,2900
2026-01-14,^NSEMDCP50,NIFTY MIDCAP 50,17001.849609375,17108.80078125,16959.5,17054.25,3000
2026-01-16,^NSEMDCP50,NIFTY MIDCAP 50,17078.650390625,17259.150390625,17078.650390625,17146.19921875,5700
2026-01-19,^NSEMDCP50,NIFTY MIDCAP 50,17118.349609375,17163.0,17032.44921875,17103.0,4100
2026-01-20,^NSEMDCP50,NIFTY MIDCAP 50,17097.25,17097.30078125,16582.599609375,16635.80078125,4000
2026-01-21,^NSEMDCP50,NIFTY MIDCAP 50,16579.900390625,16679.75,16228.75,16453.55078125,4200
2026-01-22,^NSEMDCP50,NIFTY MIDCAP 50,16596.400390625,16788.44921875,16540.900390625,16672.0,3300
2026-01-23,^NSEMDCP50,NIFTY MIDCAP 50,16740.900390625,16742.400390625,16320.5,16348.150390625,3700
2026-01-27,^NSEMDCP50,NIFTY MIDCAP 50,16401.349609375,16480.650390625,16208.7001953125,16431.349609375,4400
2026-01-28,^NSEMDCP50,NIFTY MIDCAP 50,16495.849609375,16722.849609375,16481.55078125,16703.05078125,3500
2026-01-29,^NSEMDCP50,NIFTY MIDCAP 50,16731.099609375,16749.75,16578.19921875,16736.25,5600
2026-01-30,^NSEMDCP50,NIFTY MIDCAP 50,16642.94921875,16751.5,16542.80078125,16693.25,3900
2026-02-02,^NSEMDCP50,NIFTY MIDCAP 50,16357.349609375,16585.849609375,16185.0498046875,16549.30078125,3200
2026-02-03,^NSEMDCP50,NIFTY MIDCAP 50,17221.150390625,17368.849609375,16944.19921875,17013.19921875,4200
2026-02-04,^NSEMDCP50,NIFTY MIDCAP 50,16988.099609375,17149.150390625,16848.0,17123.400390625,4100
2026-02-05,^NSEMDCP50,NIFTY MIDCAP 50,17120.05078125,17120.5,16946.05078125,17084.94921875,400
2026-02-06,^NSEMDCP50,NIFTY MIDCAP 50,17029.099609375,17043.5,16838.05078125,17023.30078125,2600
2026-02-09,^NSEMDCP50,NIFTY MIDCAP 50,17128.650390625,17266.19921875,17084.05078125,17249.150390625,2800
2026-02-10,^NSEMDCP50,NIFTY MIDCAP 50,17344.099609375,17346.44921875,17249.900390625,17303.94921875,3000
2026-02-11,^NSEMDCP50,NIFTY MIDCAP 50,17325.19921875,17349.55078125,17250.349609375,17330.05078125,4200
2026-02-12,^NSEMDCP50,NIFTY MIDCAP 50,17323.30078125,17325.44921875,17184.69921875,17251.5,3600
2026-02-13,^NSEMDCP50,NIFTY MIDCAP 50,17095.900390625,17104.349609375,16880.44921875,16960.44921875,3200
2026-02-16,^NSEMDCP50,NIFTY MIDCAP 50,16867.900390625,17040.849609375,16793.25,17025.69921875,2800
2026-02-17,^NSEMDCP50,NIFTY MIDCAP 50,17021.94921875,17078.19921875,16969.599609375,17048.94921875,241500
2026-02-18,^NSEMDCP50,NIFTY MIDCAP 50,17081.099609375,17133.400390625,17026.0,17123.44921875,207500
2026-02-19,^NSEMDCP50,NIFTY MIDCAP 50,17146.94921875,17159.44921875,16796.099609375,16844.25,246200
2026-02-20,^NSEMDCP50,NIFTY MIDCAP 50,16811.349609375,16964.5,16783.849609375,16912.349609375,268500
2026-02-23,^NSEMDCP50,NIFTY MIDCAP 50,16912.650390625,16925.0,16710.05078125,16772.400390625,870700
2026-02-24,^NSEMDCP50,NIFTY MIDCAP 50,16720.80078125,16758.0,16548.94921875,16718.75,621700
2026-02-25,^NSEMDCP50,NIFTY MIDCAP 50,16787.94921875,16871.349609375,16717.44921875,16828.69921875,371800
2026-02-26,^NSEMDCP50,NIFTY MIDCAP 50,16865.44921875,16965.400390625,16839.099609375,16945.05078125,560000
2026-02-27,^NSEMDCP50,NIFTY MIDCAP 50,16944.0,16963.19921875,16737.19921875,16765.599609375,486300
2026-03-02,^NSEMDCP50,NIFTY MIDCAP 50,16201.900390625,16705.650390625,16197.7998046875,16520.349609375,496200
2026-03-04,^NSEMDCP50,NIFTY MIDCAP 50,16290.900390625,16310.150390625,16084.5,16198.9501953125,423000
2026-03-05,^NSEMDCP50,NIFTY MIDCAP 50,16332.349609375,16490.25,16234.849609375,16441.55078125,355500
2026-03-06,^NSEMDCP50,NIFTY MIDCAP 50,16413.30078125,16529.05078125,16283.5498046875,16300.849609375,307800
2026-03-09,^NSEMDCP50,NIFTY MIDCAP 50,15991.25,16038.2001953125,15732.650390625,16005.4501953125,427600
2026-03-10,^NSEMDCP50,NIFTY MIDCAP 50,16217.599609375,16308.599609375,16096.849609375,16262.25,360400
2026-03-11,^NSEMDCP50,NIFTY MIDCAP 50,16297.0498046875,16359.0498046875,15961.150390625,15991.650390625,298500
2026-03-12,^NSEMDCP50,NIFTY MIDCAP 50,15896.400390625,16047.2998046875,15684.400390625,15922.2001953125,429200
2026-03-13,^NSEMDCP50,NIFTY MIDCAP 50,15837.2998046875,15870.4501953125,15472.4501953125,15523.7001953125,384800
2026-03-16,^NSEMDCP50,NIFTY MIDCAP 50,15487.2001953125,15610.900390625,15259.7998046875,15497.0,423600
2026-03-17,^NSEMDCP50,NIFTY MIDCAP 50,15570.75,15692.2998046875,15444.75,15656.75,340000
2026-03-18,^NSEMDCP50,NIFTY MIDCAP 50,15686.9501953125,16042.2998046875,15685.5498046875,15983.4501953125,294300
2026-03-19,^NSEMDCP50,NIFTY MIDCAP 50,15709.349609375,15730.75,15385.7001953125,15458.0,328900
2026-03-20,^NSEMDCP50,NIFTY MIDCAP 50,15572.400390625,15759.0498046875,15549.150390625,15572.599609375,458000
2026-03-23,^NSEMDCP50,NIFTY MIDCAP 50,15405.4501953125,15405.4501953125,14956.150390625,15000.5,430600
2026-03-24,^NSEMDCP50,NIFTY MIDCAP 50,15322.849609375,15477.349609375,15079.5498046875,15411.75,336500
2026-03-25,^NSEMDCP50,NIFTY MIDCAP 50,15556.5498046875,15827.599609375,15543.4501953125,15731.4501953125,353300
2026-03-27,^NSEMDCP50,NIFTY MIDCAP 50,15628.900390625,15638.900390625,15367.4501953125,15396.099609375,566300
2026-03-30,^NSEMDCP50,NIFTY MIDCAP 50,15194.099609375,15228.900390625,14954.900390625,14983.349609375,637500
2026-04-01,^NSEMDCP50,NIFTY MIDCAP 50,15374.0498046875,15500.0,15235.349609375,15295.4501953125,460700
2026-04-02,^NSEMDCP50,NIFTY MIDCAP 50,15113.25,15305.2001953125,14804.5498046875,15270.5,366400
2026-04-06,^NSEMDCP50,NIFTY MIDCAP 50,15294.7998046875,15525.099609375,15096.650390625,15507.2001953125,432500
2026-04-07,^NSEMDCP50,NIFTY MIDCAP 50,15424.849609375,15595.349609375,15252.4501953125,15573.7998046875,273800
2026-04-08,^NSEMDCP50,NIFTY MIDCAP 50,16099.150390625,16237.2998046875,16023.2998046875,16210.349609375,574800
2026-04-09,^NSEMDCP50,NIFTY MIDCAP 50,16216.349609375,16336.599609375,16056.599609375,16246.349609375,420000
2026-04-10,^NSEMDCP50,NIFTY MIDCAP 50,16333.5,16465.5,16263.7998046875,16452.400390625,372900
2026-04-13,^NSEMDCP50,NIFTY MIDCAP 50,16128.650390625,16393.150390625,16020.900390625,16326.2998046875,428300
2026-04-15,^NSEMDCP50,NIFTY MIDCAP 50,16598.400390625,16724.349609375,16563.5,16699.400390625,507800
2026-04-16,^NSEMDCP50,NIFTY MIDCAP 50,16832.80078125,16887.349609375,16659.55078125,16804.80078125,568500
2026-04-17,^NSEMDCP50,NIFTY MIDCAP 50,16840.150390625,17035.30078125,16769.349609375,17014.599609375,727200
2026-04-20,^NSEMDCP50,NIFTY MIDCAP 50,17055.150390625,17117.0,16893.150390625,16981.80078125,750800
2026-04-21,^NSEMDCP50,NIFTY MIDCAP 50,17009.849609375,17128.650390625,17002.099609375,17061.25,386500
2026-04-22,^NSEMDCP50,NIFTY MIDCAP 50,17020.25,17113.44921875,16989.849609375,17057.19921875,439500
2026-04-23,^NSEMDCP50,NIFTY MIDCAP 50,16995.69921875,17034.75,16907.44921875,16936.05078125,405200
2026-04-24,^NSEMDCP50,NIFTY MIDCAP 50,16961.94921875,16995.30078125,16670.05078125,16741.75,364700
2026-04-27,^NSEMDCP50,NIFTY MIDCAP 50,16812.80078125,17032.25,16796.55078125,16996.19921875,515200
2026-04-28,^NSEMDCP50,NIFTY MIDCAP 50,17017.25,17093.55078125,16981.599609375,17039.849609375,435600
2026-04-29,^NSEMDCP50,NIFTY MIDCAP 50,17139.650390625,17209.94921875,17001.650390625,17029.30078125,490300
2026-04-30,^NSEMDCP50,NIFTY MIDCAP 50,16959.55078125,16962.349609375,16741.900390625,16882.5,370700
2026-05-04,^NSEMDCP50,NIFTY MIDCAP 50,17002.5,17098.650390625,16876.44921875,16984.900390625,446000
2026-05-05,^NSEMDCP50,NIFTY MIDCAP 50,16984.400390625,17029.30078125,16887.150390625,16997.599609375,410100
2026-05-06,^NSEMDCP50,NIFTY MIDCAP 50,17201.849609375,17395.150390625,17168.0,17372.94921875,726500
2026-05-07,^NSEMDCP50,NIFTY MIDCAP 50,17470.75,17644.099609375,17420.55078125,17617.55078125,601100
2026-05-08,^NSEMDCP50,NIFTY MIDCAP 50,17636.55078125,17686.30078125,17555.44921875,17628.19921875,473500
2026-05-11,^NSEMDCP50,NIFTY MIDCAP 50,17543.69921875,17609.30078125,17391.55078125,17481.05078125,473000
2026-05-12,^NSEMDCP50,NIFTY MIDCAP 50,17468.25,17494.900390625,17036.30078125,17055.5,469700
2026-05-13,^NSEMDCP50,NIFTY MIDCAP 50,17082.25,17293.849609375,17002.80078125,17156.900390625,439300
2026-05-14,^NSEMDCP50,NIFTY MIDCAP 50,17257.30078125,17389.099609375,17093.150390625,17357.5,433800
2026-05-15,^NSEMDCP50,NIFTY MIDCAP 50,17404.900390625,17432.69921875,17248.900390625,17273.150390625,380100
2026-05-18,^NSEMDCP50,NIFTY MIDCAP 50,17163.900390625,17284.400390625,16981.55078125,17261.349609375,365900
2026-05-19,^NSEMDCP50,NIFTY MIDCAP 50,17318.69921875,17549.30078125,17318.55078125,17413.75,287900
2026-05-20,^NSEMDCP50,NIFTY MIDCAP 50,17296.19921875,17521.19921875,17248.900390625,17499.80078125,326100
2026-05-21,^NSEMDCP50,NIFTY MIDCAP 50,17620.44921875,17660.0,17413.55078125,17454.099609375,346300
2026-05-22,^NSEMDCP50,NIFTY MIDCAP 50,17513.19921875,17516.099609375,17393.0,17478.25,326200
2026-05-25,^NSEMDCP50,NIFTY MIDCAP 50,17637.849609375,17672.30078125,17588.400390625,17650.599609375,391300
2026-05-26,^NSEMDCP50,NIFTY MIDCAP 50,17673.900390625,17764.75,17633.75,17741.150390625,474100
2026-05-27,^NSEMDCP50,NIFTY MIDCAP 50,17762.599609375,17843.0,17709.30078125,17754.94921875,499900
2026-05-29,^NSEMDCP50,NIFTY MIDCAP 50,17850.0,17859.099609375,17448.69921875,17490.55078125,1446500
2026-06-01,^NSEMDCP50,NIFTY MIDCAP 50,17556.55078125,17583.80078125,17253.05078125,17279.19921875,539300
2026-06-02,^NSEMDCP50,NIFTY MIDCAP 50,17162.94921875,17318.69921875,17088.19921875,17287.30078125,782200
2026-06-03,^NSEMDCP50,NIFTY MIDCAP 50,17274.099609375,17280.150390625,16975.099609375,17190.5,610000
2026-06-04,^NSEMDCP50,NIFTY MIDCAP 50,17140.0,17362.55078125,17080.650390625,17264.650390625,515300
2026-06-05,^NSEMDCP50,NIFTY MIDCAP 50,17323.5,17382.05078125,17129.0,17198.900390625,485800
2026-06-08,^NSEMDCP50,NIFTY MIDCAP 50,16973.05078125,17208.400390625,16936.55078125,17039.150390625,432200
2026-06-09,^NSEMDCP50,NIFTY MIDCAP 50,17139.5,17274.80078125,17123.25,17248.099609375,401500
2026-06-10,^NSEMDCP50,NIFTY MIDCAP 50,17264.69921875,17287.099609375,16966.55078125,17005.19921875,372900
2026-06-11,^NSEMDCP50,NIFTY MIDCAP 50,16927.650390625,16983.55078125,16832.900390625,16865.5,317400
2026-06-12,^NSEMDCP50,NIFTY MIDCAP 50,17083.849609375,17281.75,16985.30078125,17265.900390625,423400
2026-06-15,^NSEMDCP50,NIFTY MIDCAP 50,17541.150390625,17591.69921875,17471.30078125,17501.900390625,527500
2026-06-16,^NSEMDCP50,NIFTY MIDCAP 50,17570.75,17615.94921875,17483.69921875,17607.150390625,734500
2026-06-17,^NSEMDCP50,NIFTY MIDCAP 50,17656.25,17695.599609375,17565.849609375,17659.650390625,749400
2026-06-18,^NSEMDCP50,NIFTY MIDCAP 50,17693.25,17730.44921875,17650.5,17716.849609375,556500
2026-06-19,^NSEMDCP50,NIFTY MIDCAP 50,17618.150390625,17755.69921875,17579.55078125,17735.30078125,487100
2026-06-22,^NSEMDCP50,NIFTY MIDCAP 50,17814.099609375,17843.849609375,17759.94921875,17800.44921875,429400
2026-06-23,^NSEMDCP50,NIFTY MIDCAP 50,17818.05078125,17853.80078125,17611.900390625,17639.80078125,380000
2026-06-24,^NSEMDCP50,NIFTY MIDCAP 50,17637.25,17749.900390625,17552.150390625,17690.30078125,464600
2026-06-25,^NSEMDCP50,NIFTY MIDCAP 50,17767.349609375,17800.75,17568.099609375,17587.849609375,406800
2026-06-29,^NSEMDCP50,NIFTY MIDCAP 50,17573.80078125,17635.75,17437.150390625,17521.0,821300
2026-06-30,^NSEMDCP50,NIFTY MIDCAP 50,17568.19921875,17669.0,17475.55078125,17594.900390625,565400
2026-07-01,^NSEMDCP50,NIFTY MIDCAP 50,17643.55078125,17730.80078125,17636.19921875,17716.099609375,362400
2026-07-02,^NSEMDCP50,NIFTY MIDCAP 50,17786.25,17847.849609375,17761.5,17806.0,307000
2026-07-03,^NSEMDCP50,NIFTY MIDCAP 50,17905.0,17905.0,17767.55078125,17783.25,406500
2026-07-06,^NSEMDCP50,NIFTY MIDCAP 50,17819.94921875,17871.25,17765.150390625,17863.55078125,320900
2026-07-07,^NSEMDCP50,NIFTY MIDCAP 50,17904.69921875,17909.44921875,17763.0,17864.05078125,361000
2026-07-08,^NSEMDCP50,NIFTY MIDCAP 50,17775.75,17861.5,17506.150390625,17604.44921875,426500
2026-07-09,^NSEMDCP50,NIFTY MIDCAP 50,17651.94921875,17892.400390625,17648.150390625,17844.5,298900
2026-07-10,^NSEMDCP50,NIFTY MIDCAP 50,17977.80078125,18069.19921875,17954.25,18059.5,257400
2026-07-13,^NSEMDCP50,NIFTY MIDCAP 50,17953.849609375,18106.849609375,17910.599609375,18089.55078125,279100
2026-07-14,^NSEMDCP50,NIFTY MIDCAP 50,18019.599609375,18066.900390625,17944.94921875,17988.150390625,280800
2026-07-15,^NSEMDCP50,NIFTY MIDCAP 50,18034.94921875,18114.44921875,17992.69921875,18036.75,250900
2026-07-16,^NSEMDCP50,NIFTY MIDCAP 50,18078.80078125,18096.650390625,17939.80078125,17985.099609375,338300
2026-07-17,^NSEMDCP50,NIFTY MIDCAP 50,18014.650390625,18018.150390625,17842.099609375,17930.849609375,433600
2026-07-20,^NSEMDCP50,NIFTY MIDCAP 50,17902.0,18068.349609375,17867.5,18040.150390625,374600
2026-07-21,^NSEMDCP50,NIFTY MIDCAP 50,18052.599609375,18108.44921875,18024.650390625,18091.19921875,305100
2026-07-22,^NSEMDCP50,NIFTY MIDCAP 50,18073.69921875,18073.80078125,17855.650390625,17884.150390625,366700
2026-07-23,^NSEMDCP50,NIFTY MIDCAP 50,17823.599609375,17862.94921875,17647.69921875,17690.5,285800
2026-07-24,^NSEMDCP50,NIFTY MIDCAP 50,17581.30078125,17732.349609375,17478.30078125,17709.44921875,261700
2026-07-27,^NSEMDCP50,NIFTY MIDCAP 50,17857.5,17947.30078125,17856.94921875,17935.25,413700
2026-07-28,^NSEMDCP50,NIFTY MIDCAP 50,17954.30078125,18047.400390625,17936.5,17973.900390625,526700
2026-07-29,^NSEMDCP50,NIFTY MIDCAP 50,18065.75,18120.19921875,18036.25,18087.69921875,497200
2026-07-30,^NSEMDCP50,NIFTY MIDCAP 50,18062.05078125,18091.150390625,17959.19921875,18028.650390625,358600
2026-07-31,^NSEMDCP50,NIFTY MIDCAP 50,18061.099609375,18143.099609375,17976.099609375,18105.849609375,313200
2026-08-03,^NSEMDCP50,NIFTY MIDCAP 50,18188.75,18301.849609375,18140.599609375,18301.849609375,294100
2026-08-04,^NSEMDCP50,NIFTY MIDCAP 50,18306.55078125,18306.55078125,18127.900390625,18215.849609375,260000
2026-08-05,^NSEMDCP50,NIFTY MIDCAP 50,18323.80078125,18324.44921875,18179.349609375,18218.44921875,330300
2026-08-06,^NSEMDCP50,NIFTY MIDCAP 50,18256.900390625,18258.650390625,18115.900390625,18125.25,260400
2026-08-07,^NSEMDCP50,NIFTY MIDCAP 50,18100.849609375,18225.599609375,18083.44921875,18172.599609375,220100
2026-08-10,^NSEMDCP50,NIFTY MIDCAP 50,18208.94921875,18336.75,18155.75,18298.900390625,274700
2026-08-11,^NSEMDCP50,NIFTY MIDCAP 50,18319.94921875,18327.05078125,18219.150390625,18312.349609375,241300
2026-08-12,^NSEMDCP50,NIFTY MIDCAP 50,18333.25,18355.94921875,18197.0,18355.94921875,275900
2026-08-13,^NSEMDCP50,NIFTY MIDCAP 50,18347.900390625,18396.349609375,18288.69921875,18396.349609375,225700
2026-08-14,^NSEMDCP50,NIFTY MIDCAP 50,18399.55078125,18403.5,18260.650390625,18260.650390625,217600
2026-08-17,^NSEMDCP50,NIFTY MIDCAP 50,18231.55078125,18323.94921875,18185.400390625,18279.0,307900
2026-08-18,^NSEMDCP50,NIFTY MIDCAP 50,18257.5,18273.05078125,18188.05078125,18216.80078125,243300
2026-08-19,^NSEMDCP50,NIFTY MIDCAP 50,18236.80078125,18242.650390625,18148.849609375,18220.69921875,236600
2026-08-20,^NSEMDCP50,NIFTY MIDCAP 50,18319.44921875,18385.849609375,18283.69921875,18300.650390625,201600
2026-08-21,^NSEMDCP50,NIFTY MIDCAP 50,18307.25,18320.25,18226.0,18320.25,193700
2026-08-24,^NSEMDCP50,NIFTY MIDCAP 50,18334.650390625,18358.80078125,18283.69921875,18331.75,200000
2026-08-25,^NSEMDCP50,NIFTY MIDCAP 50,18330.55078125,18412.25,18265.150390625,18412.25,0
2026-08-25,NIFTY_MIDCAP_100.NS,NIFTY MIDCAP 100,63799.5,64169.80078125,63602.19921875,64162.8984375,0
2026-08-25,^CNXAUTO,NIFTY AUTO,29048.30078125,29217.69921875,28894.94921875,29216.900390625,0
2024-08-26,^CNXPHARMA,NIFTY PHARMA,22520.650390625,22607.349609375,22437.150390625,22554.94921875,19215600
2024-08-27,^CNXPHARMA,NIFTY PHARMA,22597.80078125,22758.5,22547.5,22729.0,20379500
2024-08-28,^CNXPHARMA,NIFTY PHARMA,22815.69921875,23090.75,22710.55078125,22989.099609375,31534400
2024-08-29,^CNXPHARMA,NIFTY PHARMA,22969.0,23111.5,22774.25,22878.05078125,25275400
2024-08-30,^CNXPHARMA,NIFTY PHARMA,22918.69921875,23275.5,22915.30078125,23217.599609375,60547100
2024-09-02,^CNXPHARMA,NIFTY PHARMA,23343.05078125,23384.849609375,22957.5,22987.44921875,19554600
2024-09-03,^CNXPHARMA,NIFTY PHARMA,23035.099609375,23219.349609375,22986.30078125,23014.30078125,18221600
2024-09-04,^CNXPHARMA,NIFTY PHARMA,22942.900390625,23214.5,22902.30078125,23184.400390625,30194000
2024-09-05,^CNXPHARMA,NIFTY PHARMA,23216.900390625,23404.849609375,23116.900390625,23156.69921875,42005900
2024-09-06,^CNXPHARMA,NIFTY PHARMA,23154.69921875,23233.150390625,22988.900390625,23043.400390625,21128200
2024-09-09,^CNXPHARMA,NIFTY PHARMA,23019.0,23100.849609375,22884.55078125,23009.400390625,25519900
2024-09-10,^CNXPHARMA,NIFTY PHARMA,23126.30078125,23297.5,23109.75,23256.849609375,33430700
2024-09-11,^CNXPHARMA,NIFTY PHARMA,23293.150390625,23463.099609375,23175.75,23220.400390625,27832400
2024-09-12,^CNXPHARMA,NIFTY PHARMA,23358.75,23488.69921875,23239.5,23429.599609375,66304500
2024-09-13,^CNXPHARMA,NIFTY PHARMA,23466.25,23521.150390625,23365.05078125,23457.650390625,41700300
2024-09-16,^CNXPHARMA,NIFTY PHARMA,23560.55078125,23573.849609375,23414.900390625,23448.75,20935300
2024-09-17,^CNXPHARMA,NIFTY PHARMA,23472.94921875,23504.5,23367.55078125,23383.650390625,21509200
2024-09-18,^CNXPHARMA,NIFTY PHARMA,23411.650390625,23414.150390625,22914.75,23025.19921875,21157800
2024-09-19,^CNXPHARMA,NIFTY PHARMA,23108.650390625,23160.099609375,22802.599609375,22930.150390625,25531000
2024-09-20,^CNXPHARMA,NIFTY PHARMA,23014.400390625,23062.400390625,22857.05078125,23005.25,30086300
2024-09-23,^CNXPHARMA,NIFTY PHARMA,23134.349609375,23292.05078125,23035.599609375,23134.25,24894600
2024-09-24,^CNXPHARMA,NIFTY PHARMA,23103.30078125,23240.599609375,23094.80078125,23188.400390625,22614300
2024-09-25,^CNXPHARMA,NIFTY PHARMA,23241.900390625,23278.900390625,23087.69921875,23249.0,20101500
2024-09-26,^CNXPHARMA,NIFTY PHARMA,23275.400390625,23287.25,23022.150390625,23250.900390625,28665900
2024-09-27,^CNXPHARMA,NIFTY PHARMA,23268.55078125,23557.44921875,23257.349609375,23519.099609375,43713700
2024-09-30,^CNXPHARMA,NIFTY PHARMA,23497.75,23578.5,23250.400390625,23281.19921875,22325200
2024-10-01,^CNXPHARMA,NIFTY PHARMA,23294.25,23328.650390625,23084.05078125,23296.55078125,20875300
2024-10-03,^CNXPHARMA,NIFTY PHARMA,23168.30078125,23356.0,23090.25,23178.75,29684200
2024-10-04,^CNXPHARMA,NIFTY PHARMA,23140.0,23442.0,22983.5,23094.69921875,26995400
2024-10-07,^CNXPHARMA,NIFTY PHARMA,23145.19921875,23215.44921875,22852.69921875,22977.80078125,23222000
2024-10-08,^CNXPHARMA,NIFTY PHARMA,22925.69921875,23345.55078125,22896.05078125,23307.94921875,16330800
2024-10-09,^CNXPHARMA,NIFTY PHARMA,23319.44921875,23907.900390625,23314.19921875,23783.80078125,21326100
2024-10-10,^CNXPHARMA,NIFTY PHARMA,23834.0,23885.94921875,23254.599609375,23305.150390625,22404500
2024-10-11,^CNXPHARMA,NIFTY PHARMA,23378.05078125,23592.900390625,23261.150390625,23582.25,21021800
2024-10-14,^CNXPHARMA,NIFTY PHARMA,23624.099609375,23713.94921875,23475.849609375,23680.0,15731700
2024-10-15,^CNXPHARMA,NIFTY PHARMA,23727.05078125,23808.849609375,23495.55078125,23555.69921875,16143300
2024-10-16,^CNXPHARMA,NIFTY PHARMA,23561.69921875,23591.80078125,23331.55078125,23467.349609375,18864100
2024-10-17,^CNXPHARMA,NIFTY PHARMA,23569.19921875,23577.94921875,23200.55078125,23254.0,12398900
2024-10-18,^CNXPHARMA,NIFTY PHARMA,23249.25,23426.55078125,23075.5,23356.19921875,16426000
2024-10-21,^CNXPHARMA,NIFTY PHARMA,23412.69921875,23486.94921875,23074.55078125,23122.69921875,13240500
2024-10-22,^CNXPHARMA,NIFTY PHARMA,23126.25,23206.44921875,22790.849609375,22828.19921875,15953900
2024-10-23,^CNXPHARMA,NIFTY PHARMA,22764.44921875,22896.150390625,22437.94921875,22471.599609375,16707100
2024-10-24,^CNXPHARMA,NIFTY PHARMA,22493.150390625,22651.900390625,22464.099609375,22570.80078125,13218500
2024-10-25,^CNXPHARMA,NIFTY PHARMA,22606.19921875,22752.19921875,22463.0,22574.55078125,34313300
2024-10-28,^CNXPHARMA,NIFTY PHARMA,22604.05078125,22948.69921875,22430.44921875,22857.25,19497400
2024-10-29,^CNXPHARMA,NIFTY PHARMA,22978.650390625,23003.94921875,22360.5,22601.400390625,22346800
2024-10-30,^CNXPHARMA,NIFTY PHARMA,22512.80078125,22569.0,22216.94921875,22374.94921875,28770600
2024-10-31,^CNXPHARMA,NIFTY PHARMA,22639.80078125,22781.099609375,22550.5,22735.55078125,45931900
2024-11-01,^CNXPHARMA,NIFTY PHARMA,22886.44921875,22894.55078125,22724.30078125,22807.150390625,3063100
2024-11-04,^CNXPHARMA,NIFTY PHARMA,22817.0,22817.0,22421.25,22638.30078125,24876600
2024-11-05,^CNXPHARMA,NIFTY PHARMA,22613.849609375,22788.150390625,22381.599609375,22661.25,24723200
2024-11-06,^CNXPHARMA,NIFTY PHARMA,22781.150390625,22979.349609375,22687.599609375,22920.349609375,31576100
2024-11-07,^CNXPHARMA,NIFTY PHARMA,23028.5,23032.55078125,22478.19921875,22526.94921875,25838000
2024-11-08,^CNXPHARMA,NIFTY PHARMA,22603.44921875,22673.349609375,22428.80078125,22542.25,24374600
2024-11-11,^CNXPHARMA,NIFTY PHARMA,22671.05078125,22678.55078125,22285.94921875,22344.25,38076900
2024-11-12,^CNXPHARMA,NIFTY PHARMA,22317.599609375,22537.849609375,22094.19921875,22151.599609375,25734900
2024-11-13,^CNXPHARMA,NIFTY PHARMA,22089.30078125,22120.650390625,21757.19921875,21809.30078125,20036900
2024-11-14,^CNXPHARMA,NIFTY PHARMA,21802.650390625,22012.0,21693.900390625,21752.0,17236600
2024-11-18,^CNXPHARMA,NIFTY PHARMA,21802.650390625,21851.400390625,21475.94921875,21544.150390625,19208600
2024-11-19,^CNXPHARMA,NIFTY PHARMA,21505.349609375,21990.05078125,21495.75,21768.849609375,14903700
2024-11-21,^CNXPHARMA,NIFTY PHARMA,21672.05078125,21857.849609375,21552.900390625,21740.099609375,13684900
2024-11-22,^CNXPHARMA,NIFTY PHARMA,21769.349609375,22024.30078125,21721.55078125,21962.05078125,13496700
2024-11-25,^CNXPHARMA,NIFTY PHARMA,22163.849609375,22275.69921875,22064.900390625,22177.05078125,33792400
2024-11-26,^CNXPHARMA,NIFTY PHARMA,22231.75,22250.55078125,21924.849609375,21961.75,20378800
2024-11-27,^CNXPHARMA,NIFTY PHARMA,21970.0,22037.69921875,21751.900390625,21828.599609375,24092900
2024-11-28,^CNXPHARMA,NIFTY PHARMA,21855.80078125,21884.5,21649.5,21728.599609375,25067900
2024-11-29,^CNXPHARMA,NIFTY PHARMA,21817.650390625,22297.55078125,21796.30078125,22240.19921875,24565700
2024-12-02,^CNXPHARMA,NIFTY PHARMA,22323.94921875,22517.55078125,22269.400390625,22450.19921875,32213900
2024-12-03,^CNXPHARMA,NIFTY PHARMA,22600.0,22603.900390625,22399.55078125,22445.69921875,37466500
2024-12-04,^CNXPHARMA,NIFTY PHARMA,22497.849609375,22526.80078125,22292.099609375,22422.900390625,27212500
2024-12-05,^CNXPHARMA,NIFTY PHARMA,22485.650390625,22528.30078125,22145.05078125,22463.400390625,28043000
2024-12-06,^CNXPHARMA,NIFTY PHARMA,22548.55078125,22562.94921875,22398.05078125,22434.75,20141600
2024-12-09,^CNXPHARMA,NIFTY PHARMA,22434.5,22463.25,22266.30078125,22309.099609375,25658000
2024-12-10,^CNXPHARMA,NIFTY PHARMA,22392.400390625,22419.19921875,22179.400390625,22291.44921875,18847500
2024-12-11,^CNXPHARMA,NIFTY PHARMA,22352.0,22397.150390625,22267.099609375,22302.599609375,14659400
2024-12-12,^CNXPHARMA,NIFTY PHARMA,22402.30078125,22420.55078125,22187.75,22229.30078125,16683200
2024-12-13,^CNXPHARMA,NIFTY PHARMA,22184.400390625,22222.5,21798.0,22157.349609375,20793500
2024-12-16,^CNXPHARMA,NIFTY PHARMA,22212.19921875,22289.349609375,22067.099609375,22255.55078125,14374200
2024-12-17,^CNXPHARMA,NIFTY PHARMA,22307.400390625,22350.5,22015.75,22074.55078125,18288900
2024-12-18,^CNXPHARMA,NIFTY PHARMA,22105.849609375,22431.099609375,22099.849609375,22314.55078125,25838300
2024-12-19,^CNXPHARMA,NIFTY PHARMA,22209.349609375,22726.900390625,22163.599609375,22697.900390625,29682500
2024-12-20,^CNXPHARMA,NIFTY PHARMA,22708.44921875,22791.0,22452.44921875,22501.849609375,28073700
2024-12-23,^CNXPHARMA,NIFTY PHARMA,22603.80078125,22705.44921875,22363.55078125,22572.05078125,15744300
2024-12-24,^CNXPHARMA,NIFTY PHARMA,22603.099609375,22669.30078125,22470.400390625,22558.900390625,20214100
2024-12-26,^CNXPHARMA,NIFTY PHARMA,22571.400390625,22745.349609375,22451.19921875,22712.55078125,16984900
2024-12-27,^CNXPHARMA,NIFTY PHARMA,22756.30078125,23066.099609375,22691.05078125,23008.349609375,21018300
2024-12-30,^CNXPHARMA,NIFTY PHARMA,23037.19921875,23313.19921875,22980.80078125,23241.150390625,38732700
2024-12-31,^CNXPHARMA,NIFTY PHARMA,23191.349609375,23511.94921875,23152.05078125,23412.25,21380100
2025-01-01,^CNXPHARMA,NIFTY PHARMA,23441.80078125,23509.650390625,23321.650390625,23459.75,14507300
2025-01-02,^CNXPHARMA,NIFTY PHARMA,23494.650390625,23566.75,23308.94921875,23553.400390625,17930800
2025-01-03,^CNXPHARMA,NIFTY PHARMA,23569.94921875,23604.44921875,23208.849609375,23263.5,15237500
2025-01-06,^CNXPHARMA,NIFTY PHARMA,23283.94921875,23301.849609375,22912.30078125,23073.05078125,15764700
2025-01-07,^CNXPHARMA,NIFTY PHARMA,23116.80078125,23413.19921875,23116.80078125,23228.55078125,36434300
2025-01-08,^CNXPHARMA,NIFTY PHARMA,23338.69921875,23418.19921875,22897.5,23011.099609375,17390800
2025-01-09,^CNXPHARMA,NIFTY PHARMA,23043.150390625,23085.30078125,22836.19921875,22868.099609375,15886800
2025-01-10,^CNXPHARMA,NIFTY PHARMA,22826.650390625,22918.849609375,22336.80078125,22380.849609375,17004800
2025-01-13,^CNXPHARMA,NIFTY PHARMA,22256.94921875,22277.80078125,21848.55078125,21903.349609375,41642100
2025-01-14,^CNXPHARMA,NIFTY PHARMA,21970.75,22250.0,21910.05078125,22203.900390625,29917500
2025-01-15,^CNXPHARMA,NIFTY PHARMA,22281.849609375,22288.55078125,21834.0,21972.69921875,20173200
2025-01-16,^CNXPHARMA,NIFTY PHARMA,22083.55078125,22085.69921875,21810.30078125,21909.75,22794600
2025-01-17,^CNXPHARMA,NIFTY PHARMA,21950.30078125,22124.400390625,21836.94921875,22061.69921875,14997300
2025-01-20,^CNXPHARMA,NIFTY PHARMA,22099.80078125,22213.900390625,21863.44921875,22182.400390625,18161100
2025-01-21,^CNXPHARMA,NIFTY PHARMA,22195.75,22395.80078125,21862.650390625,21882.900390625,14485200
2025-01-22,^CNXPHARMA,NIFTY PHARMA,21962.94921875,22055.05078125,21829.44921875,22034.94921875,13897000
2025-01-23,^CNXPHARMA,NIFTY PHARMA,21980.30078125,22373.94921875,21959.94921875,22343.30078125,14838200
2025-01-24,^CNXPHARMA,NIFTY PHARMA,22199.55078125,22249.75,21775.900390625,21872.400390625,29670100
2025-01-27,^CNXPHARMA,NIFTY PHARMA,21786.0,21807.150390625,21225.650390625,21292.30078125,41383600
2025-01-28,^CNXPHARMA,NIFTY PHARMA,21266.80078125,21272.55078125,20673.80078125,20796.599609375,37111500
2025-01-29,^CNXPHARMA,NIFTY PHARMA,20816.0,21220.349609375,20783.94921875,21163.900390625,23491100
2025-01-30,^CNXPHARMA,NIFTY PHARMA,21245.599609375,21485.30078125,21198.5,21419.650390625,37536200
2025-01-31,^CNXPHARMA,NIFTY PHARMA,21413.099609375,21641.19921875,21304.849609375,21438.599609375,25033300
2025-02-03,^CNXPHARMA,NIFTY PHARMA,21370.19921875,21397.80078125,21060.69921875,21361.599609375,14956500
2025-02-04,^CNXPHARMA,NIFTY PHARMA,21486.849609375,21761.849609375,21459.650390625,21733.94921875,21478600
2025-02-05,^CNXPHARMA,NIFTY PHARMA,21807.650390625,21929.900390625,21604.55078125,21868.5,28283100
2025-02-06,^CNXPHARMA,NIFTY PHARMA,21942.349609375,22170.849609375,21910.349609375,22009.05078125,31651200
2025-02-07,^CNXPHARMA,NIFTY PHARMA,22049.44921875,22143.80078125,21891.55078125,22077.0,16351900
2025-02-10,^CNXPHARMA,NIFTY PHARMA,22028.849609375,22082.0,21608.599609375,21665.650390625,12622400
2025-02-11,^CNXPHARMA,NIFTY PHARMA,21680.900390625,21704.94921875,21123.650390625,21249.5,16509000
2025-02-12,^CNXPHARMA,NIFTY PHARMA,21287.94921875,21306.5,20931.150390625,21142.05078125,20180100
2025-02-13,^CNXPHARMA,NIFTY PHARMA,21165.44921875,21611.19921875,21165.44921875,21427.099609375,34325400
2025-02-14,^CNXPHARMA,NIFTY PHARMA,21466.80078125,21499.69921875,20673.099609375,20811.55078125,35511100
2025-02-17,^CNXPHARMA,NIFTY PHARMA,20755.55078125,21157.900390625,20652.94921875,21076.0,20315900
2025-02-18,^CNXPHARMA,NIFTY PHARMA,21060.55078125,21142.05078125,20835.55078125,20969.19921875,17862300
2025-02-19,^CNXPHARMA,NIFTY PHARMA,20590.599609375,20930.150390625,20299.94921875,20820.0,25280300
2025-02-20,^CNXPHARMA,NIFTY PHARMA,20746.30078125,20841.150390625,20682.099609375,20785.75,17502300
2025-02-21,^CNXPHARMA,NIFTY PHARMA,20824.69921875,20869.099609375,20303.349609375,20385.650390625,28767000
2025-02-24,^CNXPHARMA,NIFTY PHARMA,20256.599609375,20550.599609375,20222.150390625,20389.69921875,20893700
2025-02-25,^CNXPHARMA,NIFTY PHARMA,20393.349609375,20500.849609375,20203.400390625,20249.150390625,25558900
2025-02-27,^CNXPHARMA,NIFTY PHARMA,20292.80078125,20336.900390625,20051.650390625,20201.25,21215200
2025-02-28,^CNXPHARMA,NIFTY PHARMA,20223.900390625,20223.900390625,19755.80078125,19813.5,37023000
2025-03-03,^CNXPHARMA,NIFTY PHARMA,19764.25,19908.94921875,19633.94921875,19879.80078125,18487800
2025-03-04,^CNXPHARMA,NIFTY PHARMA,19795.19921875,19884.900390625,19635.150390625,19820.650390625,16193600
2025-03-05,^CNXPHARMA,NIFTY PHARMA,19761.599609375,20149.650390625,19713.099609375,20126.80078125,24003800
2025-03-06,^CNXPHARMA,NIFTY PHARMA,20293.599609375,20457.0,20200.44921875,20423.349609375,19934700
2025-03-07,^CNXPHARMA,NIFTY PHARMA,20458.599609375,20509.69921875,20327.75,20378.30078125,13936800
2025-03-10,^CNXPHARMA,NIFTY PHARMA,20429.94921875,20591.30078125,20198.30078125,20256.55078125,14297200
2025-03-11,^CNXPHARMA,NIFTY PHARMA,20150.25,20444.44921875,20101.44921875,20332.099609375,16926300
2025-03-12,^CNXPHARMA,NIFTY PHARMA,20357.0,20443.349609375,20178.30078125,20424.0,16809200
2025-03-13,^CNXPHARMA,NIFTY PHARMA,20458.5,20499.5,20305.150390625,20386.849609375,10523300
2025-03-17,^CNXPHARMA,NIFTY PHARMA,20442.0,20775.55078125,20404.55078125,20703.94921875,15939200
2025-03-18,^CNXPHARMA,NIFTY PHARMA,20807.80078125,21077.30078125,20712.25,21041.30078125,14698800
2025-03-19,^CNXPHARMA,NIFTY PHARMA,21133.25,21172.19921875,20915.30078125,21145.650390625,15593400
2025-03-20,^CNXPHARMA,NIFTY PHARMA,21242.849609375,21364.94921875,21112.0,21340.599609375,11571400
2025-03-21,^CNXPHARMA,NIFTY PHARMA,21417.5,21680.80078125,21358.0,21625.900390625,26136100
2025-03-24,^CNXPHARMA,NIFTY PHARMA,21734.849609375,21807.80078125,21607.650390625,21771.150390625,13361500
2025-03-25,^CNXPHARMA,NIFTY PHARMA,21840.400390625,21869.0,21427.80078125,21542.5,15394500
2025-03-26,^CNXPHARMA,NIFTY PHARMA,21568.94921875,21594.44921875,21299.900390625,21360.599609375,15007600
2025-03-27,^CNXPHARMA,NIFTY PHARMA,21247.099609375,21305.05078125,21042.849609375,21275.150390625,35173900
2025-03-28,^CNXPHARMA,NIFTY PHARMA,21277.30078125,21313.349609375,20999.94921875,21137.44921875,16678300
2025-04-01,^CNXPHARMA,NIFTY PHARMA,21085.5,21218.44921875,20704.69921875,20771.80078125,19614900
2025-04-02,^CNXPHARMA,NIFTY PHARMA,20771.05078125,20983.900390625,20615.349609375,20952.849609375,14812400
2025-04-03,^CNXPHARMA,NIFTY PHARMA,21571.849609375,21996.599609375,21372.400390625,21423.55078125,47527600
2025-04-04,^CNXPHARMA,NIFTY PHARMA,21430.94921875,21431.19921875,20089.44921875,20560.0,45409100
2025-04-07,^CNXPHARMA,NIFTY PHARMA,19122.69921875,20150.0,19121.099609375,19995.5,29810800
2025-04-08,^CNXPHARMA,NIFTY PHARMA,20103.0,20471.30078125,20077.900390625,20377.900390625,20693000
2025-04-09,^CNXPHARMA,NIFTY PHARMA,20019.900390625,20137.900390625,19839.599609375,19976.30078125,26700
2025-04-11,^CNXPHARMA,NIFTY PHARMA,20608.349609375,20684.75,20379.25,20461.900390625,26200
2025-04-15,^CNXPHARMA,NIFTY PHARMA,20823.19921875,20957.25,20665.25,20912.19921875,19500
2025-04-16,^CNXPHARMA,NIFTY PHARMA,20844.30078125,20972.099609375,20768.19921875,20874.30078125,24900
2025-04-17,^CNXPHARMA,NIFTY PHARMA,20886.69921875,21166.69921875,20862.80078125,21126.75,19600
2025-04-21,^CNXPHARMA,NIFTY PHARMA,21308.900390625,21380.400390625,21078.05078125,21351.05078125,16796200
2025-04-22,^CNXPHARMA,NIFTY PHARMA,21378.80078125,21501.849609375,21202.30078125,21438.05078125,15100
2025-04-23,^CNXPHARMA,NIFTY PHARMA,21537.69921875,21759.55078125,21422.650390625,21738.94921875,20300
2025-04-24,^CNXPHARMA,NIFTY PHARMA,21769.150390625,22058.19921875,21679.400390625,21974.599609375,47700
2025-04-25,^CNXPHARMA,NIFTY PHARMA,22008.5,22116.25,21323.19921875,21482.55078125,25900
2025-04-28,^CNXPHARMA,NIFTY PHARMA,21466.099609375,21961.900390625,21465.5,21908.099609375,17900
2025-04-29,^CNXPHARMA,NIFTY PHARMA,21948.099609375,21980.849609375,21567.19921875,21676.650390625,17100
2025-04-30,^CNXPHARMA,NIFTY PHARMA,21708.849609375,21970.0,21668.150390625,21772.44921875,22200
2025-05-02,^CNXPHARMA,NIFTY PHARMA,21729.900390625,21863.0,21495.05078125,21627.44921875,16200
2025-05-05,^CNXPHARMA,NIFTY PHARMA,21699.099609375,21802.05078125,21627.0,21775.75,16200
2025-05-06,^CNXPHARMA,NIFTY PHARMA,21672.849609375,21700.30078125,21359.30078125,21534.349609375,20900
2025-05-07,^CNXPHARMA,NIFTY PHARMA,21320.80078125,21556.099609375,21313.400390625,21462.44921875,18100
2025-05-08,^CNXPHARMA,NIFTY PHARMA,21464.75,21517.94921875,21013.0,21115.05078125,19400
2025-05-09,^CNXPHARMA,NIFTY PHARMA,20855.05078125,21107.30078125,20825.25,21071.75,17800
2025-05-12,^CNXPHARMA,NIFTY PHARMA,20949.69921875,21156.75,20576.05078125,21102.69921875,37000
2025-05-13,^CNXPHARMA,NIFTY PHARMA,21226.30078125,21589.099609375,21225.80078125,21359.75,30300
2025-05-14,^CNXPHARMA,NIFTY PHARMA,21362.19921875,21508.400390625,21176.75,21480.5,19100
2025-05-15,^CNXPHARMA,NIFTY PHARMA,21489.19921875,21671.349609375,21327.94921875,21650.650390625,21700
2025-05-16,^CNXPHARMA,NIFTY PHARMA,21717.0,21717.0,21504.5,21633.19921875,15500
2025-05-19,^CNXPHARMA,NIFTY PHARMA,21723.849609375,22026.650390625,21662.5,21740.44921875,18600
2025-05-20,^CNXPHARMA,NIFTY PHARMA,21819.650390625,21857.650390625,21427.75,21456.150390625,20500
2025-05-21,^CNXPHARMA,NIFTY PHARMA,21489.19921875,21947.5,21461.19921875,21723.650390625,23000
2025-05-22,^CNXPHARMA,NIFTY PHARMA,21703.349609375,21741.69921875,21431.44921875,21521.75,18700
2025-05-23,^CNXPHARMA,NIFTY PHARMA,21389.349609375,21452.099609375,21172.849609375,21434.25,17100
2025-05-26,^CNXPHARMA,NIFTY PHARMA,21541.650390625,21650.44921875,21443.30078125,21501.80078125,14400
2025-05-27,^CNXPHARMA,NIFTY PHARMA,21520.349609375,21590.80078125,21444.19921875,21524.94921875,15000
2025-05-28,^CNXPHARMA,NIFTY PHARMA,21562.599609375,21574.55078125,21356.349609375,21393.30078125,16600
2025-05-29,^CNXPHARMA,NIFTY PHARMA,21489.900390625,21610.69921875,21419.349609375,21589.349609375,19700
2025-05-30,^CNXPHARMA,NIFTY PHARMA,21570.80078125,21641.55078125,21390.099609375,21442.05078125,28300
2025-06-02,^CNXPHARMA,NIFTY PHARMA,21445.5,21465.55078125,21261.0,21394.099609375,12400
2025-06-03,^CNXPHARMA,NIFTY PHARMA,21514.55078125,21514.55078125,21303.849609375,21354.19921875,18000
2025-06-04,^CNXPHARMA,NIFTY PHARMA,21338.69921875,21461.349609375,21311.69921875,21371.69921875,14900
2025-06-05,^CNXPHARMA,NIFTY PHARMA,21407.30078125,21694.05078125,21405.900390625,21644.19921875,23600
2025-06-06,^CNXPHARMA,NIFTY PHARMA,21686.849609375,21707.69921875,21557.0,21684.400390625,14500
2025-06-09,^CNXPHARMA,NIFTY PHARMA,21751.099609375,21840.94921875,21694.80078125,21826.80078125,17000
2025-06-10,^CNXPHARMA,NIFTY PHARMA,21886.400390625,21976.900390625,21802.19921875,21948.0,21000
2025-06-11,^CNXPHARMA,NIFTY PHARMA,22016.400390625,22090.849609375,21962.30078125,22057.150390625,25900
2025-06-12,^CNXPHARMA,NIFTY PHARMA,22124.80078125,22354.75,21968.75,22036.150390625,26500
2025-06-13,^CNXPHARMA,NIFTY PHARMA,21778.349609375,22008.900390625,21742.05078125,21985.150390625,22000
2025-06-16,^CNXPHARMA,NIFTY PHARMA,21899.349609375,22058.599609375,21840.349609375,22039.44921875,18800
2025-06-17,^CNXPHARMA,NIFTY PHARMA,22029.150390625,22057.150390625,21516.94921875,21622.80078125,32500
2025-06-18,^CNXPHARMA,NIFTY PHARMA,21587.150390625,21724.099609375,21534.75,21588.400390625,21100
2025-06-19,^CNXPHARMA,NIFTY PHARMA,21583.849609375,21619.30078125,21394.849609375,21441.849609375,20600
2025-06-20,^CNXPHARMA,NIFTY PHARMA,21443.650390625,21642.650390625,21424.75,21613.0,23500
2025-06-23,^CNXPHARMA,NIFTY PHARMA,21531.30078125,21672.69921875,21460.75,21626.19921875,15300
2025-06-24,^CNXPHARMA,NIFTY PHARMA,21728.19921875,21864.349609375,21655.75,21672.099609375,23900
2025-06-25,^CNXPHARMA,NIFTY PHARMA,21749.80078125,21832.400390625,21708.44921875,21804.80078125,25000
2025-06-26,^CNXPHARMA,NIFTY PHARMA,21835.900390625,21860.80078125,21665.349609375,21808.19921875,29200
2025-06-27,^CNXPHARMA,NIFTY PHARMA,21850.849609375,22001.0,21823.599609375,21928.599609375,30600
2025-06-30,^CNXPHARMA,NIFTY PHARMA,22036.25,22079.099609375,21934.19921875,22038.69921875,25100
2025-07-01,^CNXPHARMA,NIFTY PHARMA,22097.900390625,22124.05078125,21856.19921875,22041.25,27300
2025-07-02,^CNXPHARMA,NIFTY PHARMA,22030.400390625,22176.099609375,21996.5,22110.80078125,26400
2025-07-03,^CNXPHARMA,NIFTY PHARMA,22155.75,22238.349609375,22103.94921875,22204.25,26100
2025-07-04,^CNXPHARMA,NIFTY PHARMA,22261.150390625,22409.900390625,22196.650390625,22384.599609375,24900
2025-07-07,^CNXPHARMA,NIFTY PHARMA,22401.55078125,22418.19921875,22262.400390625,22365.05078125,14100
2025-07-08,^CNXPHARMA,NIFTY PHARMA,22383.400390625,22400.150390625,21987.650390625,22165.900390625,20900
2025-07-09,^CNXPHARMA,NIFTY PHARMA,22109.75,22267.19921875,22073.150390625,22208.5,24600
2025-07-10,^CNXPHARMA,NIFTY PHARMA,22175.94921875,22198.75,21973.75,22076.80078125,20200
2025-07-11,^CNXPHARMA,NIFTY PHARMA,22172.900390625,22346.80078125,22124.849609375,22225.900390625,33500
2025-07-14,^CNXPHARMA,NIFTY PHARMA,22166.5,22502.30078125,22118.650390625,22410.349609375,28500
2025-07-15,^CNXPHARMA,NIFTY PHARMA,22513.5,22688.650390625,22373.849609375,22665.69921875,25100
2025-07-16,^CNXPHARMA,NIFTY PHARMA,22678.599609375,22694.849609375,22562.25,22593.900390625,35700
2025-07-17,^CNXPHARMA,NIFTY PHARMA,22647.599609375,22794.19921875,22625.849609375,22680.349609375,23400
2025-07-18,^CNXPHARMA,NIFTY PHARMA,22713.55078125,22720.30078125,22511.650390625,22592.75,17600
2025-07-21,^CNXPHARMA,NIFTY PHARMA,22567.94921875,22615.150390625,22439.150390625,22531.849609375,15400
2025-07-22,^CNXPHARMA,NIFTY PHARMA,22529.099609375,22570.400390625,22275.5,22307.19921875,17800
2025-07-23,^CNXPHARMA,NIFTY PHARMA,22326.05078125,22436.05078125,22297.400390625,22417.44921875,16000
2025-07-24,^CNXPHARMA,NIFTY PHARMA,22457.19921875,22618.69921875,22455.099609375,22541.05078125,22200
2025-07-25,^CNXPHARMA,NIFTY PHARMA,22525.55078125,22715.94921875,22440.05078125,22662.69921875,23200
2025-07-28,^CNXPHARMA,NIFTY PHARMA,22690.5,22908.400390625,22662.80078125,22761.150390625,36300
2025-07-29,^CNXPHARMA,NIFTY PHARMA,22741.5,23115.05078125,22732.599609375,23072.44921875,25400
2025-07-30,^CNXPHARMA,NIFTY PHARMA,23102.05078125,23162.44921875,22996.55078125,23073.900390625,23900
2025-07-31,^CNXPHARMA,NIFTY PHARMA,22772.900390625,22993.849609375,22701.849609375,22771.05078125,26200
2025-08-01,^CNXPHARMA,NIFTY PHARMA,22696.25,22705.94921875,21972.650390625,22011.69921875,29300
2025-08-04,^CNXPHARMA,NIFTY PHARMA,22038.5,22206.80078125,21890.55078125,22153.80078125,19000
2025-08-05,^CNXPHARMA,NIFTY PHARMA,22142.650390625,22237.599609375,21879.650390625,21970.150390625,15300
2025-08-06,^CNXPHARMA,NIFTY PHARMA,21966.5,21966.599609375,21487.30078125,21523.75,23900
2025-08-07,^CNXPHARMA,NIFTY PHARMA,21380.900390625,21712.349609375,21325.19921875,21684.80078125,23500
2025-08-08,^CNXPHARMA,NIFTY PHARMA,21633.05078125,21676.150390625,21375.94921875,21402.150390625,18100
2025-08-11,^CNXPHARMA,NIFTY PHARMA,21391.75,21783.599609375,21324.05078125,21604.650390625,15300
2025-08-12,^CNXPHARMA,NIFTY PHARMA,21604.650390625,21900.0,21554.69921875,21753.5,22100
2025-08-13,^CNXPHARMA,NIFTY PHARMA,21803.44921875,22171.05078125,21794.30078125,22130.30078125,17000
2025-08-14,^CNXPHARMA,NIFTY PHARMA,22176.849609375,22370.44921875,22077.5,22151.849609375,19700
2025-08-18,^CNXPHARMA,NIFTY PHARMA,22243.5,22253.30078125,22038.69921875,22141.150390625,18000
2025-08-19,^CNXPHARMA,NIFTY PHARMA,22167.099609375,22177.44921875,22030.55078125,22066.75,12300
2025-08-20,^CNXPHARMA,NIFTY PHARMA,22069.55078125,22093.69921875,21899.650390625,21969.5,15500
2025-08-21,^CNXPHARMA,NIFTY PHARMA,21958.650390625,22253.69921875,21867.75,22177.69921875,17200
2025-08-22,^CNXPHARMA,NIFTY PHARMA,22213.19921875,22304.650390625,22171.599609375,22265.0,14700
2025-08-25,^CNXPHARMA,NIFTY PHARMA,22361.599609375,22394.05078125,22259.599609375,22362.80078125,15200
2025-08-26,^CNXPHARMA,NIFTY PHARMA,22292.349609375,22292.349609375,21941.150390625,21990.0,32500
2025-08-28,^CNXPHARMA,NIFTY PHARMA,22043.80078125,22051.80078125,21732.349609375,21808.349609375,25400
2025-08-29,^CNXPHARMA,NIFTY PHARMA,21806.349609375,21894.599609375,21696.900390625,21804.05078125,31200
2025-09-01,^CNXPHARMA,NIFTY PHARMA,21820.400390625,21916.849609375,21691.400390625,21778.849609375,26600
2025-09-02,^CNXPHARMA,NIFTY PHARMA,21813.94921875,21845.05078125,21676.55078125,21719.94921875,17200
2025-09-03,^CNXPHARMA,NIFTY PHARMA,21741.25,21985.19921875,21697.19921875,21959.599609375,17200
2025-09-04,^CNXPHARMA,NIFTY PHARMA,22156.69921875,22156.69921875,21850.75,21915.400390625,11400
2025-09-05,^CNXPHARMA,NIFTY PHARMA,21927.349609375,22139.849609375,21842.19921875,21924.80078125,12800
2025-09-08,^CNXPHARMA,NIFTY PHARMA,21951.099609375,22034.80078125,21811.25,21865.19921875,10700
2025-09-09,^CNXPHARMA,NIFTY PHARMA,21885.25,22080.400390625,21883.55078125,22052.650390625,13000
2025-09-10,^CNXPHARMA,NIFTY PHARMA,22110.94921875,22201.44921875,22026.75,22122.05078125,15100
2025-09-11,^CNXPHARMA,NIFTY PHARMA,22150.30078125,22307.80078125,22039.55078125,22224.0,16700
2025-09-12,^CNXPHARMA,NIFTY PHARMA,22262.400390625,22399.25,22260.44921875,22341.19921875,12900
2025-09-15,^CNXPHARMA,NIFTY PHARMA,22315.30078125,22330.900390625,22111.849609375,22198.69921875,12100
2025-09-16,^CNXPHARMA,NIFTY PHARMA,22240.0,22310.900390625,22197.099609375,22264.55078125,9700
2025-09-17,^CNXPHARMA,NIFTY PHARMA,22274.5,22307.05078125,22194.599609375,22241.349609375,14100
2025-09-18,^CNXPHARMA,NIFTY PHARMA,22321.900390625,22596.900390625,22261.19921875,22574.349609375,25100
2025-09-19,^CNXPHARMA,NIFTY PHARMA,22636.19921875,22716.900390625,22580.75,22686.599609375,31600
2025-09-22,^CNXPHARMA,NIFTY PHARMA,22668.94921875,22685.44921875,22325.5,22365.75,17000
2025-09-23,^CNXPHARMA,NIFTY PHARMA,22386.55078125,22434.75,22210.25,22299.099609375,12400
2025-09-24,^CNXPHARMA,NIFTY PHARMA,22291.05078125,22321.25,22166.400390625,22180.69921875,11100
2025-09-25,^CNXPHARMA,NIFTY PHARMA,22219.650390625,22311.150390625,21956.25,21977.69921875,16700
2025-09-26,^CNXPHARMA,NIFTY PHARMA,21623.94921875,21695.55078125,21390.25,21507.19921875,34500
2025-09-29,^CNXPHARMA,NIFTY PHARMA,21543.400390625,21740.849609375,21443.80078125,21475.30078125,23495900
2025-09-30,^CNXPHARMA,NIFTY PHARMA,21509.05078125,21594.25,21365.900390625,21454.25,14510200
2025-10-01,^CNXPHARMA,NIFTY PHARMA,21511.5,21786.55078125,21511.5,21733.5,21742500
2025-10-03,^CNXPHARMA,NIFTY PHARMA,21684.19921875,21873.19921875,21660.69921875,21756.349609375,19700800
2025-10-06,^CNXPHARMA,NIFTY PHARMA,21727.150390625,21799.0,21591.44921875,21779.849609375,13309600
2025-10-07,^CNXPHARMA,NIFTY PHARMA,21813.75,21900.349609375,21737.30078125,21875.30078125,15438200
2025-10-08,^CNXPHARMA,NIFTY PHARMA,21856.150390625,21973.650390625,21677.150390625,21707.349609375,14214700
2025-10-09,^CNXPHARMA,NIFTY PHARMA,21872.19921875,22042.55078125,21837.349609375,21936.19921875,27615300
2025-10-10,^CNXPHARMA,NIFTY PHARMA,21952.400390625,22324.599609375,21849.55078125,22218.25,25619000
2025-10-13,^CNXPHARMA,NIFTY PHARMA,22154.69921875,22231.80078125,22094.599609375,22205.099609375,13627000
2025-10-14,^CNXPHARMA,NIFTY PHARMA,22223.150390625,22227.25,21924.849609375,22039.25,22178300
2025-10-15,^CNXPHARMA,NIFTY PHARMA,22047.05078125,22146.900390625,22007.900390625,22057.30078125,15754500
2025-10-16,^CNXPHARMA,NIFTY PHARMA,22083.25,22129.69921875,22034.05078125,22103.19921875,15509500
2025-10-17,^CNXPHARMA,NIFTY PHARMA,22122.19921875,22341.05078125,22039.0,22253.75,14701000
2025-10-20,^CNXPHARMA,NIFTY PHARMA,22346.849609375,22477.94921875,22313.5,22439.900390625,19931300
2025-10-21,^CNXPHARMA,NIFTY PHARMA,22509.5,22547.849609375,22477.150390625,22515.69921875,3379000
2025-10-23,^CNXPHARMA,NIFTY PHARMA,22665.0,22667.44921875,22441.25,22481.25,23368700
2025-10-24,^CNXPHARMA,NIFTY PHARMA,22492.05078125,22517.900390625,22273.05078125,22357.349609375,21964200
2025-10-27,^CNXPHARMA,NIFTY PHARMA,22405.69921875,22411.55078125,22272.349609375,22310.400390625,18308900
2025-10-28,^CNXPHARMA,NIFTY PHARMA,22316.849609375,22377.400390625,22147.599609375,22250.900390625,15898900
2025-10-29,^CNXPHARMA,NIFTY PHARMA,22311.75,22521.44921875,22297.94921875,22430.69921875,16149500
2025-10-30,^CNXPHARMA,NIFTY PHARMA,22388.150390625,22388.150390625,22105.400390625,22298.19921875,31909500
2025-10-31,^CNXPHARMA,NIFTY PHARMA,22251.55078125,22312.19921875,22147.849609375,22175.400390625,22384700
2025-11-03,^CNXPHARMA,NIFTY PHARMA,22187.099609375,22472.849609375,22154.94921875,22442.599609375,1247000
2025-11-04,^CNXPHARMA,NIFTY PHARMA,22475.30078125,22494.900390625,22286.0,22334.44921875,22298300
2025-11-06,^CNXPHARMA,NIFTY PHARMA,22393.849609375,22474.55078125,22167.94921875,22250.55078125,35755100
2025-11-07,^CNXPHARMA,NIFTY PHARMA,22260.94921875,22320.0,22105.19921875,22169.80078125,18219600
2025-11-10,^CNXPHARMA,NIFTY PHARMA,22249.099609375,22422.5,22212.80078125,22379.849609375,21651700
2025-11-11,^CNXPHARMA,NIFTY PHARMA,22369.599609375,22369.599609375,22369.599609375,22369.599609375,0
2025-11-12,^CNXPHARMA,NIFTY PHARMA,22453.25,22616.650390625,22333.849609375,22593.400390625,34648600
2025-11-13,^CNXPHARMA,NIFTY PHARMA,22644.650390625,22828.55078125,22595.400390625,22686.80078125,29149600
2025-11-14,^CNXPHARMA,NIFTY PHARMA,22714.30078125,22864.599609375,22648.94921875,22821.05078125,22405000
2025-11-17,^CNXPHARMA,NIFTY PHARMA,22885.44921875,22888.80078125,22750.19921875,22867.599609375,22546100
2025-11-18,^CNXPHARMA,NIFTY PHARMA,22878.69921875,22882.55078125,22680.44921875,22713.650390625,23630200
2025-11-19,^CNXPHARMA,NIFTY PHARMA,22754.599609375,22773.0,22593.099609375,22727.650390625,17339900
2025-11-20,^CNXPHARMA,NIFTY PHARMA,22801.05078125,22802.099609375,22638.599609375,22687.55078125,20509100
2025-11-21,^CNXPHARMA,NIFTY PHARMA,22665.80078125,22695.150390625,22544.900390625,22580.94921875,17315300
2025-11-24,^CNXPHARMA,NIFTY PHARMA,22604.650390625,22625.900390625,22442.05078125,22492.44921875,33964800
2025-11-25,^CNXPHARMA,NIFTY PHARMA,22521.900390625,22672.099609375,22480.0,22590.94921875,14392000
2025-11-26,^CNXPHARMA,NIFTY PHARMA,22591.150390625,22881.849609375,22572.650390625,22862.349609375,15405500
2025-11-27,^CNXPHARMA,NIFTY PHARMA,22879.349609375,22948.0,22812.69921875,22863.0,15901900
2025-11-28,^CNXPHARMA,NIFTY PHARMA,22899.69921875,23010.400390625,22856.650390625,22998.30078125,16789100
2025-12-01,^CNXPHARMA,NIFTY PHARMA,23076.94921875,23101.099609375,22810.25,22887.75,27406600
2025-12-02,^CNXPHARMA,NIFTY PHARMA,22879.75,22983.650390625,22825.349609375,22905.0,34343900
2025-12-03,^CNXPHARMA,NIFTY PHARMA,22949.30078125,23005.30078125,22726.5,22907.849609375,31202600
2025-12-04,^CNXPHARMA,NIFTY PHARMA,22912.94921875,22987.900390625,22838.25,22958.94921875,29710300
2025-12-05,^CNXPHARMA,NIFTY PHARMA,22973.19921875,22974.0,22839.80078125,22947.150390625,20371700
2025-12-08,^CNXPHARMA,NIFTY PHARMA,22938.099609375,22946.69921875,22556.30078125,22640.69921875,21676400
2025-12-09,^CNXPHARMA,NIFTY PHARMA,22607.94921875,22660.19921875,22405.05078125,22522.849609375,20987800
2025-12-10,^CNXPHARMA,NIFTY PHARMA,22583.80078125,22703.849609375,22488.19921875,22561.5,16975500
2025-12-11,^CNXPHARMA,NIFTY PHARMA,22541.80078125,22799.349609375,22475.19921875,22783.44921875,14517200
2025-12-12,^CNXPHARMA,NIFTY PHARMA,22825.650390625,22882.80078125,22742.099609375,22808.69921875,18236400
2025-12-15,^CNXPHARMA,NIFTY PHARMA,22736.75,22805.44921875,22588.900390625,22719.400390625,11247900
2025-12-16,^CNXPHARMA,NIFTY PHARMA,22700.75,22712.19921875,22558.349609375,22591.5,12689200
2025-12-17,^CNXPHARMA,NIFTY PHARMA,22585.599609375,22650.5,22515.650390625,22612.150390625,13236500
2025-12-18,^CNXPHARMA,NIFTY PHARMA,22601.19921875,22601.19921875,22394.25,22557.599609375,16510600
2025-12-19,^CNXPHARMA,NIFTY PHARMA,22583.55078125,22863.19921875,22583.55078125,22751.25,24858600
2025-12-22,^CNXPHARMA,NIFTY PHARMA,22780.30078125,22943.69921875,22765.150390625,22927.900390625,16743100
2025-12-23,^CNXPHARMA,NIFTY PHARMA,22980.599609375,23005.75,22820.30078125,22875.099609375,13387500
2025-12-24,^CNXPHARMA,NIFTY PHARMA,22903.150390625,22934.30078125,22717.44921875,22757.400390625,16075100
2025-12-26,^CNXPHARMA,NIFTY PHARMA,22761.900390625,22807.900390625,22631.599609375,22684.650390625,12241300
2025-12-29,^CNXPHARMA,NIFTY PHARMA,22697.25,22721.25,22552.599609375,22578.30078125,16053400
2025-12-30,^CNXPHARMA,NIFTY PHARMA,22604.5,22615.94921875,22395.150390625,22540.05078125,25377400
2025-12-31,^CNXPHARMA,NIFTY PHARMA,22620.69921875,22770.099609375,22536.150390625,22723.650390625,13158000
2026-01-02,^CNXPHARMA,NIFTY PHARMA,22649.650390625,22803.650390625,22578.69921875,22790.900390625,13771200
2026-01-05,^CNXPHARMA,NIFTY PHARMA,22810.44921875,22930.69921875,22706.05078125,22743.400390625,16653300
2026-01-06,^CNXPHARMA,NIFTY PHARMA,22791.05078125,23149.94921875,22764.849609375,23126.849609375,17554400
2026-01-07,^CNXPHARMA,NIFTY PHARMA,23117.05078125,23492.55078125,23021.80078125,23286.25,32875100
2026-01-08,^CNXPHARMA,NIFTY PHARMA,23260.25,23260.25,22927.30078125,22962.55078125,18166800
2026-01-09,^CNXPHARMA,NIFTY PHARMA,22961.099609375,22989.849609375,22696.44921875,22761.0,16394300
2026-01-12,^CNXPHARMA,NIFTY PHARMA,22758.0,22769.80078125,22392.5,22668.44921875,17724700
2026-01-13,^CNXPHARMA,NIFTY PHARMA,22708.05078125,22742.69921875,22392.25,22562.30078125,20442600
2026-01-14,^CNXPHARMA,NIFTY PHARMA,22571.05078125,22580.849609375,22413.900390625,22505.400390625,19297500
2026-01-16,^CNXPHARMA,NIFTY PHARMA,22456.599609375,22484.349609375,22175.19921875,22217.05078125,22142800
2026-01-19,^CNXPHARMA,NIFTY PHARMA,22119.150390625,22213.19921875,21910.400390625,22136.25,20105100
2026-01-20,^CNXPHARMA,NIFTY PHARMA,22128.44921875,22130.400390625,21668.599609375,21714.30078125,29817400
2026-01-21,^CNXPHARMA,NIFTY PHARMA,21743.94921875,21970.400390625,21477.94921875,21584.400390625,22934400
2026-01-22,^CNXPHARMA,NIFTY PHARMA,21738.19921875,22030.55078125,21726.400390625,21928.0,22518200
2026-01-23,^CNXPHARMA,NIFTY PHARMA,22007.05078125,22033.5,21676.400390625,21722.25,24837400
2026-01-27,^CNXPHARMA,NIFTY PHARMA,21891.80078125,21898.349609375,21632.80078125,21788.44921875,26700400
2026-01-28,^CNXPHARMA,NIFTY PHARMA,21828.0,21903.849609375,21622.94921875,21739.849609375,19478300
2026-01-29,^CNXPHARMA,NIFTY PHARMA,21781.05078125,21798.0,21467.349609375,21564.0,39232700
2026-01-30,^CNXPHARMA,NIFTY PHARMA,21544.5,21768.900390625,21396.349609375,21715.099609375,28223600
2026-02-02,^CNXPHARMA,NIFTY PHARMA,21629.80078125,21640.599609375,21188.55078125,21549.55078125,20520800
2026-02-03,^CNXPHARMA,NIFTY PHARMA,22470.349609375,22564.099609375,22086.05078125,22200.25,32396400
2026-02-04,^CNXPHARMA,NIFTY PHARMA,22275.80078125,22323.75,22009.849609375,22125.80078125,18214100
2026-02-05,^CNXPHARMA,NIFTY PHARMA,22138.900390625,22163.849609375,21919.0,22119.900390625,14720100
2026-02-06,^CNXPHARMA,NIFTY PHARMA,22094.5,22103.94921875,21810.25,21961.349609375,13247100
2026-02-09,^CNXPHARMA,NIFTY PHARMA,22126.30078125,22328.599609375,21974.150390625,22290.69921875,18731000
2026-02-10,^CNXPHARMA,NIFTY PHARMA,22387.400390625,22438.25,22161.30078125,22210.5,29833100
2026-02-11,^CNXPHARMA,NIFTY PHARMA,22280.44921875,22581.0,22158.099609375,22434.19921875,18367500
2026-02-12,^CNXPHARMA,NIFTY PHARMA,22486.099609375,22486.099609375,22248.650390625,22386.30078125,22418600
2026-02-13,^CNXPHARMA,NIFTY PHARMA,22325.900390625,22408.5,22134.0,22194.900390625,21635900
2026-02-16,^CNXPHARMA,NIFTY PHARMA,22184.599609375,22457.599609375,22121.69921875,22403.150390625,18233200
2026-02-17,^CNXPHARMA,NIFTY PHARMA,22390.900390625,22512.75,22318.400390625,22494.900390625,12766900
2026-02-18,^CNXPHARMA,NIFTY PHARMA,22529.5,22584.94921875,22417.30078125,22541.94921875,14895000
2026-02-19,^CNXPHARMA,NIFTY PHARMA,22578.94921875,22657.94921875,22375.75,22429.099609375,16020600
2026-02-20,^CNXPHARMA,NIFTY PHARMA,22400.44921875,22515.0,22320.150390625,22452.400390625,14750800
2026-02-23,^CNXPHARMA,NIFTY PHARMA,22558.80078125,22608.75,22450.0,22578.55078125,16469900
2026-02-24,^CNXPHARMA,NIFTY PHARMA,22557.25,22692.80078125,22481.650390625,22632.05078125,18182400
2026-02-25,^CNXPHARMA,NIFTY PHARMA,22685.5,23071.94921875,22617.349609375,23051.849609375,19540100
2026-02-26,^CNXPHARMA,NIFTY PHARMA,23106.94921875,23436.94921875,23047.849609375,23301.650390625,26914000
2026-02-27,^CNXPHARMA,NIFTY PHARMA,23257.80078125,23301.849609375,22917.099609375,22952.349609375,24996500
2026-03-02,^CNXPHARMA,NIFTY PHARMA,22385.30078125,22994.55078125,22354.099609375,22956.69921875,17940000
2026-03-04,^CNXPHARMA,NIFTY PHARMA,22702.55078125,22814.349609375,22528.19921875,22672.19921875,21855900
2026-03-05,^CNXPHARMA,NIFTY PHARMA,22703.599609375,23082.80078125,22703.599609375,23005.5,16464600
2026-03-06,^CNXPHARMA,NIFTY PHARMA,23005.05078125,23131.69921875,22877.55078125,22970.19921875,14612700
2026-03-09,^CNXPHARMA,NIFTY PHARMA,22638.849609375,22977.94921875,22506.25,22933.75,21116900
2026-03-10,^CNXPHARMA,NIFTY PHARMA,23042.55078125,23305.099609375,23039.349609375,23253.650390625,21854600
2026-03-11,^CNXPHARMA,NIFTY PHARMA,23311.75,23540.900390625,23283.099609375,23348.05078125,21875700
2026-03-12,^CNXPHARMA,NIFTY PHARMA,23299.69921875,23388.0,23083.19921875,23275.19921875,24567700
2026-03-13,^CNXPHARMA,NIFTY PHARMA,23198.80078125,23317.099609375,22780.650390625,22832.19921875,25787000
2026-03-16,^CNXPHARMA,NIFTY PHARMA,22800.150390625,22965.25,22369.80078125,22547.19921875,21217200
2026-03-17,^CNXPHARMA,NIFTY PHARMA,22632.80078125,22733.69921875,22492.94921875,22597.55078125,17216600
2026-03-18,^CNXPHARMA,NIFTY PHARMA,22633.69921875,22774.75,22584.30078125,22632.599609375,18241900
2026-03-19,^CNXPHARMA,NIFTY PHARMA,22413.099609375,22503.44921875,22040.55078125,22101.650390625,15180900
2026-03-20,^CNXPHARMA,NIFTY PHARMA,22277.94921875,22628.55078125,22268.5,22540.69921875,32703500
2026-03-23,^CNXPHARMA,NIFTY PHARMA,22461.80078125,22462.900390625,21983.69921875,22053.099609375,20528500
2026-03-24,^CNXPHARMA,NIFTY PHARMA,22305.94921875,22364.30078125,21993.94921875,22239.80078125,22208400
2026-03-25,^CNXPHARMA,NIFTY PHARMA,22381.349609375,22825.55078125,22294.19921875,22679.75,21482700
2026-03-27,^CNXPHARMA,NIFTY PHARMA,22612.69921875,22758.30078125,22484.05078125,22565.599609375,34213800
2026-03-30,^CNXPHARMA,NIFTY PHARMA,22412.900390625,22468.099609375,22205.900390625,22232.25,28211900
2026-04-01,^CNXPHARMA,NIFTY PHARMA,22531.599609375,22782.05078125,21909.349609375,22011.599609375,25245000
2026-04-02,^CNXPHARMA,NIFTY PHARMA,21689.94921875,21852.0,21149.900390625,21808.400390625,30067900
2026-04-06,^CNXPHARMA,NIFTY PHARMA,21779.75,21867.75,21464.80078125,21835.349609375,20606500
2026-04-07,^CNXPHARMA,NIFTY PHARMA,21765.5,22022.19921875,21595.400390625,21868.69921875,31769300
2026-04-08,^CNXPHARMA,NIFTY PHARMA,22203.5,22250.5,21829.599609375,21991.19921875,29865200
2026-04-09,^CNXPHARMA,NIFTY PHARMA,21954.80078125,22216.05078125,21953.75,22135.400390625,20198600
2026-04-10,^CNXPHARMA,NIFTY PHARMA,22127.80078125,22191.650390625,21932.80078125,22164.849609375,23831100
2026-04-13,^CNXPHARMA,NIFTY PHARMA,21971.69921875,22183.5,21846.05078125,22100.099609375,21182600
2026-04-15,^CNXPHARMA,NIFTY PHARMA,22321.099609375,22456.19921875,22142.5,22435.650390625,25523500
2026-04-16,^CNXPHARMA,NIFTY PHARMA,22577.55078125,22593.0,22304.349609375,22465.0,22642600
2026-04-17,^CNXPHARMA,NIFTY PHARMA,22473.19921875,22538.80078125,22390.5,22497.25,19693300
2026-04-20,^CNXPHARMA,NIFTY PHARMA,22544.80078125,22563.5,22307.19921875,22456.75,13683000
2026-04-21,^CNXPHARMA,NIFTY PHARMA,22454.099609375,22540.69921875,22423.650390625,22438.44921875,17554900
2026-04-22,^CNXPHARMA,NIFTY PHARMA,22398.55078125,22510.099609375,22314.349609375,22455.44921875,18275900
2026-04-23,^CNXPHARMA,NIFTY PHARMA,22443.94921875,23164.099609375,22365.349609375,22986.349609375,92345300
2026-04-24,^CNXPHARMA,NIFTY PHARMA,22923.69921875,22946.900390625,22537.19921875,22580.099609375,41758800
2026-04-27,^CNXPHARMA,NIFTY PHARMA,22648.599609375,23258.349609375,22637.25,23171.849609375,51717700
2026-04-28,^CNXPHARMA,NIFTY PHARMA,23155.650390625,23287.650390625,23090.75,23158.150390625,39790100
2026-04-29,^CNXPHARMA,NIFTY PHARMA,23273.75,23386.150390625,23179.94921875,23260.849609375,30635200
2026-04-30,^CNXPHARMA,NIFTY PHARMA,23191.94921875,23375.099609375,23054.849609375,23267.69921875,20887500
2026-05-04,^CNXPHARMA,NIFTY PHARMA,23371.30078125,23548.94921875,23296.099609375,23475.55078125,21561400
2026-05-05,^CNXPHARMA,NIFTY PHARMA,23525.900390625,23619.0,23379.099609375,23568.94921875,38038600
2026-05-06,^CNXPHARMA,NIFTY PHARMA,23743.19921875,24264.849609375,23640.75,24110.30078125,58097200
2026-05-07,^CNXPHARMA,NIFTY PHARMA,24153.150390625,24268.099609375,24095.30078125,24135.5,74338300
2026-05-08,^CNXPHARMA,NIFTY PHARMA,24043.44921875,24306.75,24030.650390625,24110.30078125,27481400
2026-05-11,^CNXPHARMA,NIFTY PHARMA,24008.19921875,24310.80078125,23877.400390625,24170.44921875,46305700
2026-05-12,^CNXPHARMA,NIFTY PHARMA,24177.30078125,24185.44921875,23816.400390625,23840.900390625,34126100
2026-05-13,^CNXPHARMA,NIFTY PHARMA,23785.349609375,24177.849609375,23768.900390625,23896.05078125,43650100
2026-05-14,^CNXPHARMA,NIFTY PHARMA,24151.650390625,24573.30078125,24137.75,24551.05078125,42179500
2026-05-15,^CNXPHARMA,NIFTY PHARMA,24644.94921875,24847.900390625,24557.55078125,24634.80078125,31052200
2026-05-18,^CNXPHARMA,NIFTY PHARMA,24617.0,24788.94921875,24436.25,24762.849609375,29483900
2026-05-19,^CNXPHARMA,NIFTY PHARMA,24771.30078125,25001.25,24754.30078125,24867.400390625,29843800
2026-05-20,^CNXPHARMA,NIFTY PHARMA,24807.05078125,25043.150390625,24775.44921875,24843.150390625,38875300
2026-05-21,^CNXPHARMA,NIFTY PHARMA,24994.099609375,25001.0,24782.650390625,24890.900390625,20989500
2026-05-22,^CNXPHARMA,NIFTY PHARMA,24960.75,24979.099609375,24519.75,24573.94921875,23647500
2026-05-25,^CNXPHARMA,NIFTY PHARMA,24615.150390625,24762.900390625,24543.75,24674.69921875,26832300
2026-05-26,^CNXPHARMA,NIFTY PHARMA,24647.25,24755.400390625,24552.55078125,24659.19921875,25959100
2026-05-27,^CNXPHARMA,NIFTY PHARMA,24747.5,24822.650390625,24608.44921875,24716.0,17241100
2026-05-29,^CNXPHARMA,NIFTY PHARMA,24796.30078125,24945.349609375,24218.5,24345.80078125,69261300
2026-06-01,^CNXPHARMA,NIFTY PHARMA,24547.849609375,24571.349609375,24148.849609375,24214.25,35327000
2026-06-02,^CNXPHARMA,NIFTY PHARMA,24102.94921875,24171.55078125,23796.650390625,24006.30078125,29548000
2026-06-03,^CNXPHARMA,NIFTY PHARMA,23978.05078125,24119.75,23829.599609375,24086.599609375,27592000
2026-06-04,^CNXPHARMA,NIFTY PHARMA,24042.0,24275.30078125,23883.0,24177.94921875,21304400
2026-06-05,^CNXPHARMA,NIFTY PHARMA,24285.44921875,24396.650390625,24154.25,24248.05078125,19109400
2026-06-08,^CNXPHARMA,NIFTY PHARMA,24090.150390625,24417.099609375,24059.650390625,24147.650390625,19240500
2026-06-09,^CNXPHARMA,NIFTY PHARMA,24208.150390625,24416.94921875,24171.55078125,24290.30078125,23358400
2026-06-10,^CNXPHARMA,NIFTY PHARMA,24313.80078125,24497.94921875,24119.599609375,24160.75,16845300
2026-06-11,^CNXPHARMA,NIFTY PHARMA,24131.650390625,24457.30078125,24094.400390625,24306.94921875,19815300
2026-06-12,^CNXPHARMA,NIFTY PHARMA,24526.5,24526.80078125,24274.5,24380.05078125,15218700
2026-06-15,^CNXPHARMA,NIFTY PHARMA,24551.650390625,24553.5,24198.150390625,24220.099609375,25060600
2026-06-16,^CNXPHARMA,NIFTY PHARMA,24272.19921875,24306.849609375,24020.55078125,24157.849609375,16542200
2026-06-17,^CNXPHARMA,NIFTY PHARMA,24198.75,24238.650390625,24035.44921875,24146.55078125,19006200
2026-06-18,^CNXPHARMA,NIFTY PHARMA,24173.0,24322.849609375,24135.19921875,24282.19921875,20111900
2026-06-19,^CNXPHARMA,NIFTY PHARMA,24276.150390625,24493.849609375,24274.400390625,24460.30078125,22601800
2026-06-22,^CNXPHARMA,NIFTY PHARMA,24558.75,24778.30078125,24468.400390625,24762.900390625,21722600
2026-06-23,^CNXPHARMA,NIFTY PHARMA,24863.900390625,25294.5,24838.80078125,24989.94921875,127339100
2026-06-24,^CNXPHARMA,NIFTY PHARMA,25052.75,25222.900390625,24999.5,25018.94921875,53395100
2026-06-25,^CNXPHARMA,NIFTY PHARMA,25066.900390625,25155.94921875,24948.25,24969.5,20389500
2026-06-29,^CNXPHARMA,NIFTY PHARMA,25098.900390625,25463.69921875,24978.05078125,25227.900390625,50873400
2026-06-30,^CNXPHARMA,NIFTY PHARMA,25274.75,25476.55078125,25173.05078125,25326.400390625,34848900
2026-07-01,^CNXPHARMA,NIFTY PHARMA,25416.900390625,25591.30078125,25133.25,25182.69921875,21705900
2026-07-02,^CNXPHARMA,NIFTY PHARMA,25301.80078125,25364.75,25160.30078125,25308.900390625,17861600
2026-07-03,^CNXPHARMA,NIFTY PHARMA,25402.599609375,25861.5,25399.900390625,25745.150390625,57144400
2026-07-06,^CNXPHARMA,NIFTY PHARMA,25805.849609375,25902.150390625,25695.849609375,25866.25,25299200
2026-07-07,^CNXPHARMA,NIFTY PHARMA,25874.400390625,26022.75,25645.900390625,25677.69921875,22728000
2026-07-08,^CNXPHARMA,NIFTY PHARMA,25669.69921875,25989.150390625,25308.94921875,25429.80078125,27326600
2026-07-09,^CNXPHARMA,NIFTY PHARMA,25422.400390625,25935.650390625,25382.55078125,25656.25,34430700
2026-07-10,^CNXPHARMA,NIFTY PHARMA,25681.69921875,25779.400390625,25444.19921875,25674.099609375,28598800
2026-07-13,^CNXPHARMA,NIFTY PHARMA,25613.80078125,25737.650390625,25468.849609375,25643.349609375,25669200
2026-07-14,^CNXPHARMA,NIFTY PHARMA,25640.5,26000.05078125,25637.599609375,25907.099609375,61183300
2026-07-15,^CNXPHARMA,NIFTY PHARMA,26027.75,26103.30078125,25950.099609375,26003.599609375,27795000
2026-07-16,^CNXPHARMA,NIFTY PHARMA,26060.900390625,26135.75,25936.349609375,26008.05078125,33108700
2026-07-17,^CNXPHARMA,NIFTY PHARMA,25978.69921875,25991.25,25549.25,25645.0,28030400
2026-07-20,^CNXPHARMA,NIFTY PHARMA,25699.30078125,26126.19921875,25657.599609375,26003.150390625,21965500
2026-07-21,^CNXPHARMA,NIFTY PHARMA,26007.19921875,26108.69921875,25878.19921875,26092.849609375,24380300
2026-07-22,^CNXPHARMA,NIFTY PHARMA,25935.44921875,25935.44921875,25545.599609375,25752.25,31506500
2026-07-23,^CNXPHARMA,NIFTY PHARMA,25514.19921875,25760.5,25458.900390625,25653.55078125,32388900
2026-07-24,^CNXPHARMA,NIFTY PHARMA,25464.19921875,25686.650390625,25458.150390625,25548.150390625,22710400
2026-07-27,^CNXPHARMA,NIFTY PHARMA,25639.349609375,25972.849609375,25592.400390625,25945.75,38941000
2026-07-28,^CNXPHARMA,NIFTY PHARMA,25994.349609375,26067.5,25877.94921875,25998.849609375,28558500
2026-07-29,^CNXPHARMA,NIFTY PHARMA,26055.400390625,26410.44921875,26022.55078125,26373.349609375,32644100
2026-07-30,^CNXPHARMA,NIFTY PHARMA,26437.80078125,26542.400390625,26311.94921875,26346.05078125,41074200
2026-07-31,^CNXPHARMA,NIFTY PHARMA,26501.05078125,26734.5,26414.650390625,26534.80078125,27485000
2026-08-03,^CNXPHARMA,NIFTY PHARMA,26764.599609375,26801.19921875,26380.849609375,26662.80078125,30927900
2026-08-04,^CNXPHARMA,NIFTY PHARMA,26577.05078125,26601.94921875,26424.5,26597.5,24727200
2026-08-05,^CNXPHARMA,NIFTY PHARMA,26657.30078125,26659.599609375,26367.099609375,26563.55078125,27070200
2026-08-06,^CNXPHARMA,NIFTY PHARMA,26593.849609375,26757.650390625,26523.099609375,26564.80078125,32398100
2026-08-07,^CNXPHARMA,NIFTY PHARMA,26515.69921875,26575.25,26404.5,26541.80078125,23659800
2026-08-10,^CNXPHARMA,NIFTY PHARMA,26588.25,26770.849609375,26401.30078125,26479.55078125,29352400
2026-08-11,^CNXPHARMA,NIFTY PHARMA,26506.0,26757.900390625,26422.55078125,26750.44921875,36558200
2026-08-12,^CNXPHARMA,NIFTY PHARMA,26763.849609375,26797.900390625,26601.69921875,26762.5,22625800
2026-08-13,^CNXPHARMA,NIFTY PHARMA,26710.650390625,26712.349609375,26537.44921875,26686.80078125,20199700
2026-08-14,^CNXPHARMA,NIFTY PHARMA,26659.650390625,26714.25,26393.94921875,26445.55078125,27190700
2026-08-17,^CNXPHARMA,NIFTY PHARMA,26528.0,26537.349609375,26312.349609375,26341.55078125,26184800
2026-08-18,^CNXPHARMA,NIFTY PHARMA,26352.94921875,26527.849609375,26341.349609375,26361.900390625,18687400
2026-08-19,^CNXPHARMA,NIFTY PHARMA,26337.900390625,26434.349609375,26205.400390625,26313.80078125,15743500
2026-08-20,^CNXPHARMA,NIFTY PHARMA,26438.30078125,26473.19921875,26339.30078125,26416.0,15045400
2026-08-21,^CNXPHARMA,NIFTY PHARMA,26470.75,26549.099609375,26192.849609375,26359.75,16639500
2026-08-24,^CNXPHARMA,NIFTY PHARMA,26336.69921875,26408.75,26159.0,26339.30078125,18156900
2026-08-25,^CNXPHARMA,NIFTY PHARMA,26340.19921875,26574.0,26214.900390625,26564.0,0
2026-08-25,^CNXFMCG,NIFTY FMCG,47463.55078125,47710.94921875,47201.30078125,47706.94921875,0
2026-08-25,^CNXMETAL,NIFTY METAL,13345.7001953125,13372.2998046875,13222.349609375,13372.2998046875,0
2026-08-25,^CNXENERGY,NIFTY ENERGY,38287.6015625,38316.8984375,38046.44921875,38310.8515625,0
2026-08-25,^CNXREALTY,NIFTY REALTY,915.5499877929688,918.75,910.5,917.7999877929688,0
2026-08-25,^CNXPSUBANK,NIFTY PSU BANK,8520.599609375,8604.900390625,8488.099609375,8603.650390625,0
2026-08-25,^CNXINFRA,NIFTY INFRA,9320.25,9401.349609375,9300.349609375,9401.349609375,0
2026-08-25,^CNXMEDIA,NIFTY MEDIA,1612.4000244140625,1629.699951171875,1598.8499755859375,1610.0,0
